mc	mn	quarterbeats	quarterbeats_all_endings	duration_qb	mc_onset	mn_onset	timesig	staff	voice	label	alt_label	globalkey	localkey	pedal	chord	special	numeral	form	figbass	changes	relativeroot	cadence	phraseend	chord_type	globalkey_is_minor	localkey_is_minor	chord_tones	added_tones	root	bass_note
1	1	0	0	2.0	0	0	4/4	2	1	C.I		C	I		I		I							M	0	0	0, 4, 1		0	0
1	1	2	2	2.0	1/2	1/2	4/4	2	1	IV6	vi	C	I		IV6		IV		6					M	0	0	3, 0, -1		-1	3
2	2	4	4	3.0	0	0	4/4	2	1	viio\\		C	I		viio		vii	o					\\	o	0	0	5, 2, -1		5	5
2	2	7	7	1.0	3/4	3/4	4/4	2	1	V43		C	I		V43		V		43					Mm7	0	0	2, -1, 1, 5		1	2
3	3	8	8	2.0	0	0	4/4	2	1	I[I		C	I	I	I		I							M	0	0	0, 4, 1		0	0
3	3	10	10	1.0	1/2	1/2	4/4	2	1	viio64	ii6	C	I	I	viio64		vii	o	64					o	0	0	-1, 5, 2		5	-1
3	3	11	11	1.0	3/4	3/4	4/4	2	1	I		C	I	I	I		I							M	0	0	0, 4, 1		0	0
4	4	12	12	1.0	0	0	4/4	2	1	IV6		C	I	I	IV6		IV		6					M	0	0	3, 0, -1		-1	3
4	4	13	13	1.0	1/4	1/4	4/4	2	1	V65		C	I	I	V65		V		65					Mm7	0	0	5, 2, -1, 1		1	5
4	4	14	14	1.0	1/2	1/2	4/4	2	1	I		C	I	I	I		I							M	0	0	0, 4, 1		0	0
4	4	15	15	1.0	3/4	3/4	4/4	2	1	vi		C	I	I	vi		vi							m	0	0	3, 0, 4		3	3
5	5	16	16	1.0	0	0	4/4	2	1	#viio/vi		C	I	I	#viio/vi		#vii	o			vi			o	0	0	8, 5, 2		8	8
5	5	17	17	1.0	1/4	1/4	4/4	2	1	vi		C	I	I	vi		vi							m	0	0	3, 0, 4		3	3
5	5	18	18	1.0	1/2	1/2	4/4	2	1	V		C	I	I	V		V							M	0	0	1, 5, 2		1	1
5	5	19	19	1.0	3/4	3/4	4/4	2	1	IV		C	I	I	IV		IV							M	0	0	-1, 3, 0		-1	-1
6	6	20	20	1.0	0	0	4/4	2	1	I		C	I	I	I		I							M	0	0	0, 4, 1		0	0
6	6	21	21	1.0	1/4	1/4	4/4	2	1	IV		C	I	I	IV		IV							M	0	0	-1, 3, 0		-1	-1
6	6	22	22	1.0	1/2	1/2	4/4	2	1	I\\		C	I	I	I		I						\\	M	0	0	0, 4, 1		0	0
6	6	23	23	1.0	3/4	3/4	4/4	2	1	I		C	I	I	I		I							M	0	0	0, 4, 1		0	0
7	7	24	24	1.0	0	0	4/4	2	1	IV6		C	I	I	IV6		IV		6					M	0	0	3, 0, -1		-1	3
7	7	25	25	1.0	1/4	1/4	4/4	2	1	I		C	I	I	I		I							M	0	0	0, 4, 1		0	0
7	7	26	26	1.0	1/2	1/2	4/4	2	1	ii6		C	I	I	ii6		ii		6					m	0	0	-1, 3, 2		2	-1
7	7	27	27	1.0	3/4	3/4	4/4	2	1	V2		C	I	I	V2		V		2					Mm7	0	0	-1, 1, 5, 2		1	-1
8	8	28	28	3.0	0	0	4/4	2	1	I		C	I	I	I		I							M	0	0	0, 4, 1		0	0
8	8	31	31	1.0	3/4	3/4	4/4	2	1	vi		C	I	I	vi		vi							m	0	0	3, 0, 4		3	3
9	9	32	32	1.0	0	0	4/4	2	1	#viio/vi		C	I	I	#viio/vi		#vii	o			vi			o	0	0	8, 5, 2		8	8
9	9	33	33	1.0	1/4	1/4	4/4	2	1	vi		C	I	I	vi		vi							m	0	0	3, 0, 4		3	3
9	9	34	34	1.0	1/2	1/2	4/4	2	1	V		C	I	I	V		V							M	0	0	1, 5, 2		1	1
9	9	35	35	1.0	3/4	3/4	4/4	2	1	IV		C	I	I	IV		IV							M	0	0	-1, 3, 0		-1	-1
10	10	36	36	1.0	0	0	4/4	2	1	I		C	I	I	I		I							M	0	0	0, 4, 1		0	0
10	10	37	37	1.0	1/4	1/4	4/4	2	1	IV		C	I	I	IV		IV							M	0	0	-1, 3, 0		-1	-1
10	10	38	38	1.0	1/2	1/2	4/4	2	1	I\\		C	I	I	I		I						\\	M	0	0	0, 4, 1		0	0
10	10	39	39	1.0	3/4	3/4	4/4	2	1	I]		C	I	I	I		I							M	0	0	0, 4, 1		0	0
11	11	40	40	3.0	0	0	4/4	2	1	ii6		C	I		ii6		ii		6					m	0	0	-1, 3, 2		2	-1
11	11	43	43	1.0	3/4	3/4	4/4	2	1	V65/V		C	I		V65/V		V		65		V			Mm7	0	0	6, 3, 0, 2		2	6
12	12	44	44	2.0	0	0	4/4	2	1	V		C	I		V		V							M	0	0	1, 5, 2		1	1
12	12	46	46	1.0	1/2	1/2	4/4	2	1	IV6		C	I		IV6		IV		6					M	0	0	3, 0, -1		-1	3
12	12	47	47	1.0	3/4	3/4	4/4	2	1	viio		C	I		viio		vii	o						o	0	0	5, 2, -1		5	5
13	13	48	48	1.0	0	0	4/4	2	1	I		C	I		I		I							M	0	0	0, 4, 1		0	0
13	13	49	49	1.0	1/4	1/4	4/4	2	1	ii6		C	I		ii6		ii		6					m	0	0	-1, 3, 2		2	-1
13	13	50	50	1.0	1/2	1/2	4/4	2	1	V(64)		C	I		V(64)		V			64				M	0	0	1, 0, 4		1	1
13	13	51	51	1.0	3/4	3/4	4/4	2	1	V7		C	I		V7		V		7					Mm7	0	0	1, 5, 2, -1		1	1
14	14	52	52	2.0	0	0	4/4	2	1	I		C	I		I		I							M	0	0	0, 4, 1		0	0
14	14	54	54	2.0	1/2	1/2	4/4	2	1	IV6	vi	C	I		IV6		IV		6					M	0	0	3, 0, -1		-1	3
15	15	56	56	3.0	0	0	4/4	2	1	viio\\		C	I		viio		vii	o					\\	o	0	0	5, 2, -1		5	5
15	15	59	59	1.0	3/4	3/4	4/4	2	1	v6		C	I		v6		v		6					m	0	0	-2, 2, 1		1	-2
16	16	60	60	1.0	0	0	4/4	2	1	V7/ii		C	I		V7/ii		V		7		ii			Mm7	0	0	3, 7, 4, 1		3	3
16	16	61	61	3.0	1/4	1/4	4/4	2	1	ii		C	I		ii		ii							m	0	0	2, -1, 3		2	2
17	17	64	64	2.0	0	0	4/4	2	1	V(64)		C	I		V(64)		V			64				M	0	0	1, 0, 4		1	1
17	17	66	66	2.0	1/2	1/2	4/4	2	1	V\\		C	I		V		V						\\	M	0	0	1, 5, 2		1	1
18	18	68	68	2.0	0	0	4/4	2	1	V.I		C	V		I		I							M	0	0	0, 4, 1		0	0
18	18	70	70	1.5	1/2	1/2	4/4	2	1	vi		C	V		vi		vi							m	0	0	3, 0, 4		3	3
18	18	143/2	143/2	0.5	7/8	7/8	4/4	2	1	V/ii		C	V		V/ii		V				ii			M	0	0	3, 7, 4		3	3
19	19	72	72	2.0	0	0	4/4	2	1	vii%7		C	V		vii%7		vii	%	7					%7	0	0	5, 2, -1, 3		5	5
19	19	74	74	2.0	1/2	1/2	4/4	2	1	V		C	V		V		V							M	0	0	1, 5, 2		1	1
20	20	76	76	1.5	0	0	4/4	2	1	vi		C	V		vi		vi							m	0	0	3, 0, 4		3	3
20	20	155/2	155/2	0.5	3/8	3/8	4/4	2	1	V/ii		C	V		V/ii		V				ii			M	0	0	3, 7, 4		3	3
20	20	78	78	1.5	1/2	1/2	4/4	2	1	ii6		C	V		ii6		ii		6					m	0	0	-1, 3, 2		2	-1
20	20	159/2	159/2	0.5	7/8	7/8	4/4	2	1	viio/V		C	V		viio/V		vii	o			V			o	0	0	6, 3, 0		6	6
21	21	80	80	2.0	0	0	4/4	2	1	V\\		C	V		V		V						\\	M	0	0	1, 5, 2		1	1
21	21	82	82	2.0	1/2	1/2	4/4	2	1	V43		C	V		V43		V		43					Mm7	0	0	2, -1, 1, 5		1	2
22	22	84	84	2.0	0	0	4/4	2	1	I6		C	V		I6		I		6					M	0	0	4, 1, 0		0	4
22	22	86	86	1.5	1/2	1/2	4/4	2	1	vi6		C	V		vi6		vi		6					m	0	0	0, 4, 3		3	0
22	22	175/2	175/2	0.5	7/8	7/8	4/4	2	1	V6/ii		C	V		V6/ii		V		6		ii			M	0	0	7, 4, 3		3	7
23	23	88	88	2.0	0	0	4/4	2	1	vii%2		C	V		vii%2		vii	%	2					%7	0	0	3, 5, 2, -1		5	3
23	23	90	90	2.0	1/2	1/2	4/4	2	1	V6		C	V		V6		V		6					M	0	0	5, 2, 1		1	5
24	24	92	92	1.5	0	0	4/4	2	1	vi6		C	V		vi6		vi		6					m	0	0	0, 4, 3		3	0
24	24	187/2	187/2	0.5	3/8	3/8	4/4	2	1	V6/ii		C	V		V6/ii		V		6		ii			M	0	0	7, 4, 3		3	7
24	24	94	94	1.0	1/2	1/2	4/4	2	1	ii		C	V		ii		ii							m	0	0	2, -1, 3		2	2
24	24	95	95	0.5	3/4	3/4	4/4	2	1	viio		C	V		viio		vii	o						o	0	0	5, 2, -1		5	5
24	24	191/2	191/2	0.5	7/8	7/8	4/4	2	1	viio6/V		C	V		viio6/V		vii	o	6		V			o	0	0	3, 0, 6		6	3
25	25	96	96	0.5	0	0	4/4	2	1	V\\		C	V		V		V						\\	M	0	0	1, 5, 2		1	1
25	25	193/2	193/2	3.5	1/8	1/8	4/4	2	1	V		C	V		V		V							M	0	0	1, 5, 2		1	1
26	26	100	100	1.0	0	0	4/4	2	1	I		C	V		I		I							M	0	0	0, 4, 1		0	0
26	26	101	101	1.0	1/4	1/4	4/4	2	1	I6		C	V		I6		I		6					M	0	0	4, 1, 0		0	4
26	26	102	102	1.0	1/2	1/2	4/4	2	1	I6(#4#2)		C	V		I6(#4#2)		I		6	#4#2				M	0	0	9, 6, 0		0	9
26	26	103	103	1.0	3/4	3/4	4/4	2	1	I6		C	V		I6		I		6					M	0	0	4, 1, 0		0	4
27	27	104	104	1.0	0	0	4/4	2	1	I		C	V		I		I							M	0	0	0, 4, 1		0	0
27	27	105	105	1.0	1/4	1/4	4/4	2	1	I6		C	V		I6		I		6					M	0	0	4, 1, 0		0	4
27	27	106	106	0.5	1/2	1/2	4/4	2	1	V43		C	V		V43		V		43					Mm7	0	0	2, -1, 1, 5		1	2
27	27	213/2	213/2	0.5	5/8	5/8	4/4	2	1	I		C	V		I		I							M	0	0	0, 4, 1		0	0
27	27	107	107	0.5	3/4	3/4	4/4	2	1	V		C	V		V		V							M	0	0	1, 5, 2		1	1
27	27	215/2	215/2	0.5	7/8	7/8	4/4	2	1	vi7	viio6(2)/V	C	V		vi7		vi		7					mm7	0	0	3, 0, 4, 1		3	3
28	28	108	108	1.0	0	0	4/4	2	1	V		C	V		V		V							M	0	0	1, 5, 2		1	1
28	28	109	109	1.0	1/4	1/4	4/4	2	1	V43		C	V		V43		V		43					Mm7	0	0	2, -1, 1, 5		1	2
28	28	110	110	1.0	1/2	1/2	4/4	2	1	V43(6#4)		C	V		V43(6#4)		V		43	6#4				Mm7	0	0	7, 4, -1, 1, 5		1	7
28	28	111	111	1.0	3/4	3/4	4/4	2	1	V43		C	V		V43		V		43					Mm7	0	0	2, -1, 1, 5		1	2
29	29	112	112	1.0	0	0	4/4	2	1	V		C	V		V		V							M	0	0	1, 5, 2		1	1
29	29	113	113	1.0	1/4	1/4	4/4	2	1	V43		C	V		V43		V		43					Mm7	0	0	2, -1, 1, 5		1	2
29	29	114	114	0.5	1/2	1/2	4/4	2	1	I		C	V		I		I							M	0	0	0, 4, 1		0	0
29	29	229/2	229/2	0.5	5/8	5/8	4/4	2	1	V6		C	V		V6		V		6					M	0	0	5, 2, 1		1	5
29	29	115	115	0.5	3/4	3/4	4/4	2	1	I		C	V		I		I							M	0	0	0, 4, 1		0	0
29	29	231/2	231/2	0.5	7/8	7/8	4/4	2	1	V43		C	V		V43		V		43					Mm7	0	0	2, -1, 1, 5		1	2
30	30	116	116	1.0	0	0	4/4	2	1	I		C	V		I		I							M	0	0	0, 4, 1		0	0
30	30	117	117	1.0	1/4	1/4	4/4	2	1	I6		C	V		I6		I		6					M	0	0	4, 1, 0		0	4
30	30	118	118	1.0	1/2	1/2	4/4	2	1	I6(#4#2)		C	V		I6(#4#2)		I		6	#4#2				M	0	0	9, 6, 0		0	9
30	30	119	119	1.0	3/4	3/4	4/4	2	1	I6		C	V		I6		I		6					M	0	0	4, 1, 0		0	4
31	31	120	120	1.0	0	0	4/4	2	1	I		C	V		I		I							M	0	0	0, 4, 1		0	0
31	31	121	121	1.0	1/4	1/4	4/4	2	1	V43/IV		C	V		V43/IV		V		43		IV			Mm7	0	0	1, -2, 0, 4		0	1
31	31	122	122	1.0	1/2	1/2	4/4	2	1	V43(6#4)/IV		C	V		V43(6#4)/IV		V		43	6#4	IV			Mm7	0	0	6, 3, -2, 0, 4		0	6
31	31	123	123	1.0	3/4	3/4	4/4	2	1	V43/IV		C	V		V43/IV		V		43		IV			Mm7	0	0	1, -2, 0, 4		0	1
32	32	124	124	1.0	0	0	4/4	2	1	IV		C	V		IV		IV							M	0	0	-1, 3, 0		-1	-1
32	32	125	125	1.0	1/4	1/4	4/4	2	1	I6		C	V		I6		I		6					M	0	0	4, 1, 0		0	4
32	32	126	126	1.0	1/2	1/2	4/4	2	1	V65		C	V		V65		V		65					Mm7	0	0	5, 2, -1, 1		1	5
32	32	127	127	1.0	3/4	3/4	4/4	2	1	I		C	V		I		I							M	0	0	0, 4, 1		0	0
33	33	128	128	4.0	0	0	4/4	2	1	ii6		C	V		ii6		ii		6					m	0	0	-1, 3, 2		2	-1
34	34	132	132	1.0	0	0	4/4	2	1	V2		C	V		V2		V		2					Mm7	0	0	-1, 1, 5, 2		1	-1
34	34	133	133	1.0	1/4	1/4	4/4	2	1	I6		C	V		I6		I		6					M	0	0	4, 1, 0		0	4
34	34	134	134	1.0	1/2	1/2	4/4	2	1	ii6		C	V		ii6		ii		6					m	0	0	-1, 3, 2		2	-1
34	34	135	135	1.0	3/4	3/4	4/4	2	1	V7		C	V		V7		V		7					Mm7	0	0	1, 5, 2, -1		1	1
35	35	136	136	4.0	0	0	4/4	2	1	v.i		C	v		i		i							m	0	1	0, -3, 1		0	0
36	36	140	140	4.0	0	0	4/4	2	1	V65		C	v		V65		V		65					Mm7	0	1	5, 2, -1, 1		1	5
37	37	144	144	1.0	0	0	4/4	2	1	i		C	v		i		i							m	0	1	0, -3, 1		0	0
37	37	145	145	1.0	1/4	1/4	4/4	2	1	V43		C	v		V43		V		43					Mm7	0	1	2, -1, 1, 5		1	2
37	37	146	146	1.0	1/2	1/2	4/4	2	1	i		C	v		i		i							m	0	1	0, -3, 1		0	0
37	37	147	147	1.0	3/4	3/4	4/4	2	1	iv6		C	v		iv6		iv		6					m	0	1	-4, 0, -1		-1	-4
38	38	148	148	2.0	0	0	4/4	2	1	V(64)		C	v		V(64)		V			64				M	0	1	1, 0, -3		1	1
38	38	150	150	1.5	1/2	1/2	4/4	2	1	V\\		C	v		V		V						\\	M	0	1	1, 5, 2		1	1
38	38	303/2	303/2	0.5	7/8	7/8	4/4	2	1	V7		C	v		V7		V		7					Mm7	0	1	1, 5, 2, -1		1	1
39	39	152	152	4.0	0	0	4/4	2	1	i		C	v		i		i							m	0	1	0, -3, 1		0	0
40	40	156	156	4.0	0	0	4/4	2	1	V65		C	v		V65		V		65					Mm7	0	1	5, 2, -1, 1		1	5
41	41	160	160	4.0	0	0	4/4	2	1	#viio43/iv		C	v		#viio43/iv		#vii	o	43		iv			o7	0	1	-2, -5, 4, 1		4	-2
42	42	164	164	2.0	0	0	4/4	2	1	iv6		C	v		iv6		iv		6					m	0	1	-4, 0, -1		-1	-4
42	42	166	166	2.0	1/2	1/2	4/4	2	1	iv		C	v		iv		iv							m	0	1	-1, -4, 0		-1	-1
43	43	168	168	2.0	0	0	4/4	2	1	V7		C	v		V7		V		7					Mm7	0	1	1, 5, 2, -1		1	1
43	43	170	170	2.0	1/2	1/2	4/4	2	1	VI		C	v		VI		VI							M	0	1	-4, 0, -3		-4	-4
44	44	172	172	2.0	0	0	4/4	2	1	iio6		C	v		iio6		ii	o	6					o	0	1	-1, -4, 2		2	-1
44	44	174	174	2.0	1/2	1/2	4/4	2	1	V7		C	v		V7		V		7					Mm7	0	1	1, 5, 2, -1		1	1
45	45	176	176	2.0	0	0	4/4	2	1	VI		C	v		VI		VI							M	0	1	-4, 0, -3		-4	-4
45	45	178	178	2.0	1/2	1/2	4/4	2	1	V43(+2)/iv		C	v		V43(+2)/iv		V		43	+2	iv			Mm7	0	1	1, -2, 0, 4	-5	0	1
46	46	180	180	4.0	0	0	4/4	2	1	iv		C	v		iv		iv							m	0	1	-1, -4, 0		-1	-1
47	47	184	184	2.0	0	0	4/4	2	1	iio6		C	v		iio6		ii	o	6					o	0	1	-1, -4, 2		2	-1
47	47	186	186	2.0	1/2	1/2	4/4	2	1	viio7/V		C	v		viio7/V		vii	o	7		V			o7	0	1	6, 3, 0, -3		6	6
48	48	188	188	4.0	0	0	4/4	2	1	V[V		C	v	V	V		V							M	0	1	1, 5, 2		1	1
49	49	192	192	4.0	0	0	4/4	2	1	i		C	v	V	i		i							m	0	1	0, -3, 1		0	0
50	50	196	196	4.0	0	0	4/4	2	1	V		C	v	V	V		V							M	0	1	1, 5, 2		1	1
51	51	200	200	4.0	0	0	4/4	2	1	i		C	v	V	i		i							m	0	1	0, -3, 1		0	0
52	52	204	204	1.5	0	0	4/4	2	1	V]\\		C	v	V	V		V						\\	M	0	1	1, 5, 2		1	1
52	52	411/2	411/2	2.5	3/8	3/8	4/4	2	1	V.V		C	V		V		V							M	0	0	1, 5, 2		1	1
53	53	208	208	3.0	0	0	4/4	2	1	I[I		C	V	I	I		I							M	0	0	0, 4, 1		0	0
53	53	211	211	1.0	3/4	3/4	4/4	2	1	V2		C	V	I	V2		V		2					Mm7	0	0	-1, 1, 5, 2		1	-1
54	54	212	212	3.0	0	0	4/4	2	1	I		C	V	I	I		I							M	0	0	0, 4, 1		0	0
54	54	215	215	1.0	3/4	3/4	4/4	2	1	V2		C	V	I	V2		V		2					Mm7	0	0	-1, 1, 5, 2		1	-1
55	55	216	216	3.0	0	0	4/4	2	1	I		C	V	I	I		I							M	0	0	0, 4, 1		0	0
55	55	219	219	1.0	3/4	3/4	4/4	2	1	V2		C	V	I	V2		V		2					Mm7	0	0	-1, 1, 5, 2		1	-1
56	56	220	220	1.0	0	0	4/4	2	1	I]		C	V	I	I		I							M	0	0	0, 4, 1		0	0
56	56	221	221	2.0	1/4	1/4	4/4	2	1	I6		C	V		I6		I		6					M	0	0	4, 1, 0		0	4
56	56	223	223	1.0	3/4	3/4	4/4	2	1	V+6/IV		C	V		V+6/IV		V	+	6		IV			+	0	0	4, 8, 0		0	4
57	57	224	224	4.0	0	0	4/4	2	1	IV		C	V		IV		IV							M	0	0	-1, 3, 0		-1	-1
58	58	228	228	3.0	0	0	4/4	2	1	V(64)		C	V		V(64)		V			64				M	0	0	1, 0, 4		1	1
58	58	231	231	1.0	3/4	3/4	4/4	2	1	V7		C	V		V7		V		7					Mm7	0	0	1, 5, 2, -1		1	1
59	59	232	232	3.0	0	0	4/4	2	1	I[I		C	V	I	I		I							M	0	0	0, 4, 1		0	0
59	59	235	235	1.0	3/4	3/4	4/4	2	1	V2		C	V	I	V2		V		2					Mm7	0	0	-1, 1, 5, 2		1	-1
60	60	236	236	3.0	0	0	4/4	2	1	I		C	V	I	I		I							M	0	0	0, 4, 1		0	0
60	60	239	239	1.0	3/4	3/4	4/4	2	1	V2		C	V	I	V2		V		2					Mm7	0	0	-1, 1, 5, 2		1	-1
61	61	240	240	3.0	0	0	4/4	2	1	I		C	V	I	I		I							M	0	0	0, 4, 1		0	0
61	61	243	243	1.0	3/4	3/4	4/4	2	1	V2		C	V	I	V2		V		2					Mm7	0	0	-1, 1, 5, 2		1	-1
62	62	244	244	1.0	0	0	4/4	2	1	I]		C	V	I	I		I							M	0	0	0, 4, 1		0	0
62	62	245	245	2.0	1/4	1/4	4/4	2	1	I6		C	V		I6		I		6					M	0	0	4, 1, 0		0	4
62	62	247	247	1.0	3/4	3/4	4/4	2	1	V+6/IV		C	V		V+6/IV		V	+	6		IV			+	0	0	4, 8, 0		0	4
63	63	248	248	2.0	0	0	4/4	2	1	IV		C	V		IV		IV							M	0	0	-1, 3, 0		-1	-1
63	63	250	250	2.0	1/2	1/2	4/4	2	1	viio7/V		C	V		viio7/V		vii	o	7		V			o7	0	0	6, 3, 0, -3		6	6
64	64	252	252	8.0	0	0	4/4	2	1	V(64)		C	V		V(64)		V			64				M	0	0	1, 0, 4		1	1
66	66	260	260	2.0	0	0	4/4	2	1	V(4)		C	V		V(4)		V			4				M	0	0	1, 0, 2		1	1
66	66	262	262	2.0	1/2	1/2	4/4	2	1	V		C	V		V		V							M	0	0	1, 5, 2		1	1
67	67	264	264	1.5	0	0	4/4	2	1	I\\		C	V		I		I						\\	M	0	0	0, 4, 1		0	0
67	67	531/2	531/2	0.5	3/8	3/8	4/4	2	1	I[I		C	V	I	I		I							M	0	0	0, 4, 1		0	0
67	67	266	266	1.0	1/2	1/2	4/4	2	1	IV6	vi	C	V	I	IV6		IV		6					M	0	0	3, 0, -1		-1	3
67	67	267	267	1.0	3/4	3/4	4/4	2	1	V		C	V	I	V		V							M	0	0	1, 5, 2		1	1
68	68	268	268	1.0	0	0	4/4	2	1	IV		C	V	I	IV		IV							M	0	0	-1, 3, 0		-1	-1
68	68	269	269	1.0	1/4	1/4	4/4	2	1	I		C	V	I	I		I							M	0	0	0, 4, 1		0	0
68	68	270	270	1.0	1/2	1/2	4/4	2	1	IV		C	V	I	IV		IV							M	0	0	-1, 3, 0		-1	-1
68	68	271	271	1.0	3/4	3/4	4/4	2	1	viio6		C	V	I	viio6		vii	o	6					o	0	0	2, -1, 5		5	2
69	69	272	272	0.5	0	0	4/4	2	1	I		C	V	I	I		I							M	0	0	0, 4, 1		0	0
69	69	545/2	545/2	0.5	1/8	1/8	4/4	2	1	ii6	viio64	C	V	I	ii6		ii		6					m	0	0	-1, 3, 2		2	-1
69	69	273	273	1.0	1/4	1/4	4/4	2	1	I		C	V	I	I		I							M	0	0	0, 4, 1		0	0
69	69	274	274	1.0	1/2	1/2	4/4	2	1	IV6	vi	C	V	I	IV6		IV		6					M	0	0	3, 0, -1		-1	3
69	69	275	275	1.0	3/4	3/4	4/4	2	1	V		C	V	I	V		V							M	0	0	1, 5, 2		1	1
70	70	276	276	1.0	0	0	4/4	2	1	IV		C	V	I	IV		IV							M	0	0	-1, 3, 0		-1	-1
70	70	277	277	1.0	1/4	1/4	4/4	2	1	I		C	V	I	I		I							M	0	0	0, 4, 1		0	0
70	70	278	278	1.0	1/2	1/2	4/4	2	1	IV		C	V	I	IV		IV							M	0	0	-1, 3, 0		-1	-1
70	70	279	279	1.0	3/4	3/4	4/4	2	1	viio6		C	V	I	viio6		vii	o	6					o	0	0	2, -1, 5		5	2
71	71	280	280	1.5	0	0	4/4	2	1	I]\\		C	V	I	I		I						\\	M	0	0	0, 4, 1		0	0
71	71	563/2	563/2	0.5	3/8	3/8	4/4	2	1	I6		C	V		I6		I		6					M	0	0	4, 1, 0		0	4
71	71	282	282	1.5	1/2	1/2	4/4	2	1	V		C	V		V		V							M	0	0	1, 5, 2		1	1
71	71	567/2	567/2	0.5	7/8	7/8	4/4	2	1	V6		C	V		V6		V		6					M	0	0	5, 2, 1		1	5
72	72	284	284	1.5	0	0	4/4	2	1	I		C	V		I		I							M	0	0	0, 4, 1		0	0
72	72	571/2	571/2	0.5	3/8	3/8	4/4	2	1	I6		C	V		I6		I		6					M	0	0	4, 1, 0		0	4
72	72	286	286	1.5	1/2	1/2	4/4	2	1	V		C	V		V		V							M	0	0	1, 5, 2		1	1
72	72	575/2	575/2	0.5	7/8	7/8	4/4	2	1	V6		C	V		V6		V		6					M	0	0	5, 2, 1		1	5
73	73	288	288	8.0	0	0	4/4	2	1	I\\		C	V		I		I						\\	M	0	0	0, 4, 1		0	0
75	75	296	296	2.0	0	0	4/4	2	1	I[I		C	V	I	I		I							M	0	0	0, 4, 1		0	0
75	75	298	298	1.0	1/2	1/2	4/4	2	1	viio64	ii6	C	V	I	viio64		vii	o	64					o	0	0	-1, 5, 2		5	-1
75	75	299	299	1.0	3/4	3/4	4/4	2	1	I		C	V	I	I		I							M	0	0	0, 4, 1		0	0
76	76	300	300	1.0	0	0	4/4	2	1	IV6		C	V	I	IV6		IV		6					M	0	0	3, 0, -1		-1	3
76	76	301	301	1.0	1/4	1/4	4/4	2	1	V65		C	V	I	V65		V		65					Mm7	0	0	5, 2, -1, 1		1	5
76	76	302	302	1.0	1/2	1/2	4/4	2	1	I		C	V	I	I		I							M	0	0	0, 4, 1		0	0
76	76	303	303	1.0	3/4	3/4	4/4	2	1	vi		C	V	I	vi		vi							m	0	0	3, 0, 4		3	3
77	77	304	304	1.0	0	0	4/4	2	1	#viio/vi		C	V	I	#viio/vi		#vii	o			vi			o	0	0	8, 5, 2		8	8
77	77	305	305	1.0	1/4	1/4	4/4	2	1	vi		C	V	I	vi		vi							m	0	0	3, 0, 4		3	3
77	77	306	306	1.0	1/2	1/2	4/4	2	1	V		C	V	I	V		V							M	0	0	1, 5, 2		1	1
77	77	307	307	1.0	3/4	3/4	4/4	2	1	IV		C	V	I	IV		IV							M	0	0	-1, 3, 0		-1	-1
78	78	308	308	1.0	0	0	4/4	2	1	I		C	V	I	I		I							M	0	0	0, 4, 1		0	0
78	78	309	309	1.0	1/4	1/4	4/4	2	1	IV		C	V	I	IV		IV							M	0	0	-1, 3, 0		-1	-1
78	78	310	310	1.0	1/2	1/2	4/4	2	1	I\\		C	V	I	I		I						\\	M	0	0	0, 4, 1		0	0
78	78	311	311	1.0	3/4	3/4	4/4	2	1	I]		C	V	I	I		I							M	0	0	0, 4, 1		0	0
79	79	312	312	2.0	0	0	4/4	2	1	ii6		C	V		ii6		ii		6					m	0	0	-1, 3, 2		2	-1
79	79	314	314	1.0	1/2	1/2	4/4	2	1	V(64)		C	V		V(64)		V			64				M	0	0	1, 0, 4		1	1
79	79	315	315	1.0	3/4	3/4	4/4	2	1	V7		C	V		V7		V		7					Mm7	0	0	1, 5, 2, -1		1	1
80	80	316	316	2.0	0	0	4/4	2	1	v.i		C	v		i		i							m	0	1	0, -3, 1		0	0
80	80	318	318	2.0	1/2	1/2	4/4	2	1	iv6	VI	C	v		iv6		iv		6					m	0	1	-4, 0, -1		-1	-4
81	81	320	320	1.0	0	0	4/4	2	1	#viio\\		C	v		#viio		#vii	o					\\	o	0	1	5, 2, -1		5	5
81	81	321	321	3.0	1/4	1/4	4/4	2	1	#viio7		C	v		#viio7		#vii	o	7					o7	0	1	5, 2, -1, -4		5	5
82	82	324	324	2.0	0	0	4/4	2	1	i.#viio64		C	i		#viio64		#vii	o	64					o	0	1	-1, 5, 2		5	-1
82	82	326	326	2.0	1/2	1/2	4/4	2	1	#viio65		C	i		#viio65		#vii	o	65					o7	0	1	2, -1, -4, 5		5	2
83	83	328	328	4.0	0	0	4/4	2	1	i6		C	i		i6		i		6					m	0	1	-3, 1, 0		0	-3
84	84	332	332	1.5	0	0	4/4	2	1	bIII.IV6		C	bIII		IV6		IV		6					M	0	0	3, 0, -1		-1	3
84	84	667/2	667/2	0.5	3/8	3/8	4/4	2	1	V/ii		C	bIII		V/ii		V				ii			M	0	0	3, 7, 4		3	3
84	84	334	334	1.5	1/2	1/2	4/4	2	1	ii6		C	bIII		ii6		ii		6					m	0	0	-1, 3, 2		2	-1
84	84	671/2	671/2	0.5	7/8	7/8	4/4	2	1	viio64		C	bIII		viio64		vii	o	64					o	0	0	-1, 5, 2		5	-1
85	85	336	336	4.0	0	0	4/4	2	1	V\\		C	bIII		V		V						\\	M	0	0	1, 5, 2		1	1
86	86	340	340	2.0	0	0	4/4	2	1	I[I		C	bIII	I	I		I							M	0	0	0, 4, 1		0	0
86	86	342	342	1.0	1/2	1/2	4/4	2	1	viio64	ii6	C	bIII	I	viio64		vii	o	64					o	0	0	-1, 5, 2		5	-1
86	86	343	343	1.0	3/4	3/4	4/4	2	1	I		C	bIII	I	I		I							M	0	0	0, 4, 1		0	0
87	87	344	344	1.0	0	0	4/4	2	1	IV6		C	bIII	I	IV6		IV		6					M	0	0	3, 0, -1		-1	3
87	87	345	345	1.0	1/4	1/4	4/4	2	1	V65		C	bIII	I	V65		V		65					Mm7	0	0	5, 2, -1, 1		1	5
87	87	346	346	1.0	1/2	1/2	4/4	2	1	I		C	bIII	I	I		I							M	0	0	0, 4, 1		0	0
87	87	347	347	1.0	3/4	3/4	4/4	2	1	vi		C	bIII	I	vi		vi							m	0	0	3, 0, 4		3	3
88	88	348	348	1.0	0	0	4/4	2	1	#viio/vi		C	bIII	I	#viio/vi		#vii	o			vi			o	0	0	8, 5, 2		8	8
88	88	349	349	1.0	1/4	1/4	4/4	2	1	vi		C	bIII	I	vi		vi							m	0	0	3, 0, 4		3	3
88	88	350	350	1.0	1/2	1/2	4/4	2	1	V		C	bIII	I	V		V							M	0	0	1, 5, 2		1	1
88	88	351	351	1.0	3/4	3/4	4/4	2	1	IV		C	bIII	I	IV		IV							M	0	0	-1, 3, 0		-1	-1
89	89	352	352	1.0	0	0	4/4	2	1	I		C	bIII	I	I		I							M	0	0	0, 4, 1		0	0
89	89	353	353	1.0	1/4	1/4	4/4	2	1	IV		C	bIII	I	IV		IV							M	0	0	-1, 3, 0		-1	-1
89	89	354	354	1.0	1/2	1/2	4/4	2	1	I\\		C	bIII	I	I		I						\\	M	0	0	0, 4, 1		0	0
89	89	355	355	1.0	3/4	3/4	4/4	2	1	I		C	bIII	I	I		I							M	0	0	0, 4, 1		0	0
90	90	356	356	1.0	0	0	4/4	2	1	IV6		C	bIII	I	IV6		IV		6					M	0	0	3, 0, -1		-1	3
90	90	357	357	1.0	1/4	1/4	4/4	2	1	I		C	bIII	I	I		I							M	0	0	0, 4, 1		0	0
90	90	358	358	1.0	1/2	1/2	4/4	2	1	ii6		C	bIII	I	ii6		ii		6					m	0	0	-1, 3, 2		2	-1
90	90	359	359	1.0	3/4	3/4	4/4	2	1	V2		C	bIII	I	V2		V		2					Mm7	0	0	-1, 1, 5, 2		1	-1
91	91	360	360	3.0	0	0	4/4	2	1	I		C	bIII	I	I		I							M	0	0	0, 4, 1		0	0
91	91	363	363	1.0	3/4	3/4	4/4	2	1	vi		C	bIII	I	vi		vi							m	0	0	3, 0, 4		3	3
92	92	364	364	1.0	0	0	4/4	2	1	#viio/vi		C	bIII	I	#viio/vi		#vii	o			vi			o	0	0	8, 5, 2		8	8
92	92	365	365	1.0	1/4	1/4	4/4	2	1	vi		C	bIII	I	vi		vi							m	0	0	3, 0, 4		3	3
92	92	366	366	1.0	1/2	1/2	4/4	2	1	V		C	bIII	I	V		V							M	0	0	1, 5, 2		1	1
92	92	367	367	1.0	3/4	3/4	4/4	2	1	IV		C	bIII	I	IV		IV							M	0	0	-1, 3, 0		-1	-1
93	93	368	368	1.0	0	0	4/4	2	1	I		C	bIII	I	I		I							M	0	0	0, 4, 1		0	0
93	93	369	369	1.0	1/4	1/4	4/4	2	1	IV		C	bIII	I	IV		IV							M	0	0	-1, 3, 0		-1	-1
93	93	370	370	1.0	1/2	1/2	4/4	2	1	I\\		C	bIII	I	I		I						\\	M	0	0	0, 4, 1		0	0
93	93	371	371	2.0	3/4	3/4	4/4	2	1	I]		C	bIII	I	I		I							M	0	0	0, 4, 1		0	0
94	94	373	373	2.0	1/4	1/4	4/4	2	1	I6		C	bIII		I6		I		6					M	0	0	4, 1, 0		0	4
94	94	375	375	1.0	3/4	3/4	4/4	2	1	V		C	bIII		V		V							M	0	0	1, 5, 2		1	1
95	95	376	376	1.0	0	0	4/4	2	1	I		C	bIII		I		I							M	0	0	0, 4, 1		0	0
95	95	377	377	2.0	1/4	1/4	4/4	2	1	I6		C	bIII		I6		I		6					M	0	0	4, 1, 0		0	4
95	95	379	379	1.0	3/4	3/4	4/4	2	1	V		C	bIII		V		V							M	0	0	1, 5, 2		1	1
96	96	380	380	3.0	0	0	4/4	2	1	I		C	bIII		I		I							M	0	0	0, 4, 1		0	0
96	96	383	383	1.0	3/4	3/4	4/4	2	1	iv.iv6		C	iv		iv6		iv		6					m	0	1	-4, 0, -1		-1	-4
97	97	384	384	4.0	0	0	4/4	2	1	V[V7\\		C	iv	V	V7		V		7				\\	Mm7	0	1	1, 5, 2, -1		1	1
98	98	388	388	1.5	0	0	4/4	2	1	i		C	iv	V	i		i							m	0	1	0, -3, 1		0	0
98	98	779/2	779/2	0.5	3/8	3/8	4/4	2	1	i6		C	iv	V	i6		i		6					m	0	1	-3, 1, 0		0	-3
98	98	390	390	1.5	1/2	1/2	4/4	2	1	V		C	iv	V	V		V							M	0	1	1, 5, 2		1	1
98	98	783/2	783/2	0.5	7/8	7/8	4/4	2	1	V7		C	iv	V	V7		V		7					Mm7	0	1	1, 5, 2, -1		1	1
99	99	392	392	1.5	0	0	4/4	2	1	i		C	iv	V	i		i							m	0	1	0, -3, 1		0	0
99	99	787/2	787/2	0.5	3/8	3/8	4/4	2	1	i6		C	iv	V	i6		i		6					m	0	1	-3, 1, 0		0	-3
99	99	394	394	1.5	1/2	1/2	4/4	2	1	V		C	iv	V	V		V							M	0	1	1, 5, 2		1	1
99	99	791/2	791/2	0.5	7/8	7/8	4/4	2	1	V7]		C	iv	V	V7		V		7					Mm7	0	1	1, 5, 2, -1		1	1
100	100	396	396	1.0	0	0	4/4	2	1	i\\		C	iv		i		i						\\	m	0	1	0, -3, 1		0	0
100	100	397	397	2.0	1/4	1/4	4/4	2	1	i6		C	iv		i6		i		6					m	0	1	-3, 1, 0		0	-3
100	100	399	399	1.0	3/4	3/4	4/4	2	1	V64		C	iv		V64		V		64					M	0	1	2, 1, 5		1	2
101	101	400	400	1.0	0	0	4/4	2	1	i		C	iv		i		i							m	0	1	0, -3, 1		0	0
101	101	401	401	2.0	1/4	1/4	4/4	2	1	i6		C	iv		i6		i		6					m	0	1	-3, 1, 0		0	-3
101	101	403	403	1.0	3/4	3/4	4/4	2	1	V64		C	iv		V64		V		64					M	0	1	2, 1, 5		1	2
102	102	404	404	3.0	0	0	4/4	2	1	i		C	iv		i		i							m	0	1	0, -3, 1		0	0
102	102	407	407	1.0	3/4	3/4	4/4	2	1	v.iv6		C	v		iv6		iv		6					m	0	1	-4, 0, -1		-1	-4
103	103	408	408	4.0	0	0	4/4	2	1	V[V7\\		C	v	V	V7		V		7				\\	Mm7	0	1	1, 5, 2, -1		1	1
104	104	412	412	1.5	0	0	4/4	2	1	i		C	v	V	i		i							m	0	1	0, -3, 1		0	0
104	104	827/2	827/2	0.5	3/8	3/8	4/4	2	1	i6		C	v	V	i6		i		6					m	0	1	-3, 1, 0		0	-3
104	104	414	414	1.5	1/2	1/2	4/4	2	1	V		C	v	V	V		V							M	0	1	1, 5, 2		1	1
104	104	831/2	831/2	0.5	7/8	7/8	4/4	2	1	V7		C	v	V	V7		V		7					Mm7	0	1	1, 5, 2, -1		1	1
105	105	416	416	1.5	0	0	4/4	2	1	i		C	v	V	i		i							m	0	1	0, -3, 1		0	0
105	105	835/2	835/2	0.5	3/8	3/8	4/4	2	1	i6		C	v	V	i6		i		6					m	0	1	-3, 1, 0		0	-3
105	105	418	418	1.5	1/2	1/2	4/4	2	1	V		C	v	V	V		V							M	0	1	1, 5, 2		1	1
105	105	839/2	839/2	0.5	7/8	7/8	4/4	2	1	V7]		C	v	V	V7		V		7					Mm7	0	1	1, 5, 2, -1		1	1
106	106	420	420	0.5	0	0	4/4	2	1	i\\		C	v		i		i						\\	m	0	1	0, -3, 1		0	0
106	106	841/2	841/2	3.5	1/8	1/8	4/4	2	1	i		C	v		i		i							m	0	1	0, -3, 1		0	0
107	107	424	424	4.0	0	0	4/4	2	1	viio65/V		C	v		viio65/V		vii	o	65		V			o7	0	1	3, 0, -3, 6		6	3
108	108	428	428	4.0	0	0	4/4	2	1	#v.V[V7		C	#v	V	V7		V		7					Mm7	0	1	1, 5, 2, -1		1	1
109	109	432	432	4.0	0	0	4/4	2	1	i]		C	#v	V	i		i							m	0	1	0, -3, 1		0	0
110	110	436	436	4.0	0	0	4/4	2	1	iii.V[V7		C	iii	V	V7		V		7					Mm7	0	1	1, 5, 2, -1		1	1
111	111	440	440	4.0	0	0	4/4	2	1	i		C	iii	V	i		i							m	0	1	0, -3, 1		0	0
112	112	444	444	4.0	0	0	4/4	2	1	V7		C	iii	V	V7		V		7					Mm7	0	1	1, 5, 2, -1		1	1
113	113	448	448	4.0	0	0	4/4	2	1	i		C	iii	V	i		i							m	0	1	0, -3, 1		0	0
114	114	452	452	1.0	0	0	4/4	2	1	V		C	iii	V	V		V							M	0	1	1, 5, 2		1	1
114	114	453	453	1.0	1/4	1/4	4/4	2	1	i		C	iii	V	i		i							m	0	1	0, -3, 1		0	0
114	114	454	454	1.0	1/2	1/2	4/4	2	1	V		C	iii	V	V		V							M	0	1	1, 5, 2		1	1
114	114	455	455	1.0	3/4	3/4	4/4	2	1	i		C	iii	V	i		i							m	0	1	0, -3, 1		0	0
115	115	456	456	4.0	0	0	4/4	2	1	V]\\		C	iii	V	V		V						\\	M	0	1	1, 5, 2		1	1
116	116	460	460	2.0	0	0	4/4	2	1	i6		C	iii		i6		i		6					m	0	1	-3, 1, 0		0	-3
116	116	462	462	1.0	1/2	1/2	4/4	2	1	VI6		C	iii		VI6		VI		6					M	0	1	0, -3, -4		-4	0
116	116	463	463	1.0	3/4	3/4	4/4	2	1	VI		C	iii		VI		VI							M	0	1	-4, 0, -3		-4	-4
117	117	464	464	2.0	0	0	4/4	2	1	VII6		C	iii		VII6		VII		6					M	0	1	2, -1, -2		-2	2
117	117	466	466	1.0	1/2	1/2	4/4	2	1	v6		C	iii		v6		v		6					m	0	1	-2, 2, 1		1	-2
117	117	467	467	1.0	3/4	3/4	4/4	2	1	v		C	iii		v		v							m	0	1	1, -2, 2		1	1
118	118	468	468	2.0	0	0	4/4	2	1	VI6		C	iii		VI6		VI		6					M	0	1	0, -3, -4		-4	0
118	118	470	470	1.0	1/2	1/2	4/4	2	1	iv6		C	iii		iv6		iv		6					m	0	1	-4, 0, -1		-1	-4
118	118	471	471	1.0	3/4	3/4	4/4	2	1	iv		C	iii		iv		iv							m	0	1	-1, -4, 0		-1	-1
119	119	472	472	0.5	0	0	4/4	2	1	V7\\		C	iii		V7		V		7				\\	Mm7	0	1	1, 5, 2, -1		1	1
119	119	945/2	945/2	3.5	1/8	1/8	4/4	2	1	#viio7		C	iii		#viio7		#vii	o	7					o7	0	1	5, 2, -1, -4		5	5
120	120	476	476	1.0	0	0	4/4	2	1	i		C	iii		i		i							m	0	1	0, -3, 1		0	0
120	120	477	477	2.0	1/4	1/4	4/4	2	1	V7		C	iii		V7		V		7					Mm7	0	1	1, 5, 2, -1		1	1
120	120	479	479	1.0	3/4	3/4	4/4	2	1	VI		C	iii		VI		VI							M	0	1	-4, 0, -3		-4	-4
121	121	480	480	1.0	0	0	4/4	2	1	V43/iv		C	iii		V43/iv		V		43		iv			Mm7	0	1	1, -2, 0, 4		0	1
121	121	481	481	2.0	1/4	1/4	4/4	2	1	iv		C	iii		iv		iv							m	0	1	-1, -4, 0		-1	-1
121	121	483	483	1.0	3/4	3/4	4/4	2	1	iv		C	iii		iv		iv							m	0	1	-1, -4, 0		-1	-1
122	122	484	484	1.0	0	0	4/4	2	1	#viio65		C	iii		#viio65		#vii	o	65					o7	0	1	2, -1, -4, 5		5	2
122	122	485	485	0.75	1/4	1/4	4/4	2	1	i6		C	iii		i6		i		6					m	0	1	-3, 1, 0		0	-3
122	122	1943/4	1943/4	0.25	7/16	7/16	4/4	2	1	iio6		C	iii		iio6		ii	o	6					o	0	1	-1, -4, 2		2	-1
122	122	486	486	1.0	1/2	1/2	4/4	2	1	V(64)		C	iii		V(64)		V			64				M	0	1	1, 0, -3		1	1
122	122	487	487	1.0	3/4	3/4	4/4	2	1	V7		C	iii		V7		V		7					Mm7	0	1	1, 5, 2, -1		1	1
123	123	488	488	2.0	0	0	4/4	2	1	i[i\\		C	iii	i	i		i						\\	m	0	1	0, -3, 1		0	0
123	123	490	490	1.0	1/2	1/2	4/4	2	1	VI	iv6	C	iii	i	VI		VI							M	0	1	-4, 0, -3		-4	-4
123	123	491	491	1.0	3/4	3/4	4/4	2	1	V7/iv		C	iii	i	V7/iv		V		7		iv			Mm7	0	1	0, 4, 1, -2		0	0
124	124	492	492	1.0	0	0	4/4	2	1	iv		C	iii	i	iv		iv							m	0	1	-1, -4, 0		-1	-1
124	124	493	493	1.0	1/4	1/4	4/4	2	1	V/iv		C	iii	i	V/iv		V				iv			M	0	1	0, 4, 1		0	0
124	124	494	494	1.0	1/2	1/2	4/4	2	1	iv		C	iii	i	iv		iv							m	0	1	-1, -4, 0		-1	-1
124	124	495	495	1.0	3/4	3/4	4/4	2	1	#viio7		C	iii	i	#viio7		#vii	o	7					o7	0	1	5, 2, -1, -4		5	5
125	125	496	496	2.0	0	0	4/4	2	1	i		C	iii	i	i		i							m	0	1	0, -3, 1		0	0
125	125	498	498	1.0	1/2	1/2	4/4	2	1	VI	iv6	C	iii	i	VI		VI							M	0	1	-4, 0, -3		-4	-4
125	125	499	499	1.0	3/4	3/4	4/4	2	1	V7/iv		C	iii	i	V7/iv		V		7		iv			Mm7	0	1	0, 4, 1, -2		0	0
126	126	500	500	1.0	0	0	4/4	2	1	iv		C	iii	i	iv		iv							m	0	1	-1, -4, 0		-1	-1
126	126	501	501	0.5	1/4	1/4	4/4	2	1	V/iv]		C	iii	i	V/iv		V				iv			M	0	1	0, 4, 1		0	0
126	126	1003/2	1003/2	0.5	3/8	3/8	4/4	2	1	vi.#viio43		C	vi		#viio43		#vii	o	43					o7	0	1	-1, -4, 5, 2		5	-1
126	126	502	502	1.0	1/2	1/2	4/4	2	1	i6		C	vi		i6		i		6					m	0	1	-3, 1, 0		0	-3
126	126	503	503	1.0	3/4	3/4	4/4	2	1	#viio6		C	vi		#viio6		#vii	o	6					o	0	1	2, -1, 5		5	2
127	127	504	504	2.0	0	0	4/4	2	1	i[i		C	vi	i	i		i							m	0	1	0, -3, 1		0	0
127	127	506	506	1.0	1/2	1/2	4/4	2	1	VI	iv6	C	vi	i	VI		VI							M	0	1	-4, 0, -3		-4	-4
127	127	507	507	1.0	3/4	3/4	4/4	2	1	V7/iv		C	vi	i	V7/iv		V		7		iv			Mm7	0	1	0, 4, 1, -2		0	0
128	128	508	508	1.0	0	0	4/4	2	1	iv		C	vi	i	iv		iv							m	0	1	-1, -4, 0		-1	-1
128	128	509	509	0.5	1/4	1/4	4/4	2	1	V/iv]		C	vi	i	V/iv		V				iv			M	0	1	0, 4, 1		0	0
128	128	1019/2	1019/2	0.5	3/8	3/8	4/4	2	1	I.#viio43/ii		C	I		#viio43/ii		#vii	o	43		ii			o7	0	0	1, -2, 7, 4		7	1
128	128	510	510	1.0	1/2	1/2	4/4	2	1	ii6		C	I		ii6		ii		6					m	0	0	-1, 3, 2		2	-1
128	128	511	511	1.0	3/4	3/4	4/4	2	1	#viio6/ii		C	I		#viio6/ii		#vii	o	6		ii			o	0	0	4, 1, 7		7	4
129	129	512	512	4.0	0	0	4/4	2	1	ii		C	I		ii		ii							m	0	0	2, -1, 3		2	2
130	130	516	516	7.5	0	0	4/4	2	1	V7\\		C	I		V7		V		7				\\	Mm7	0	0	1, 5, 2, -1		1	1
131	131	1047/2	1047/2	0.5	7/8	7/8	4/4	2	1	ii6	viio64	C	I		ii6		ii		6					m	0	0	-1, 3, 2		2	-1
132	132	524	524	1.0	0	0	4/4	2	1	viio6		C	I		viio6		vii	o	6					o	0	0	2, -1, 5		5	2
132	132	525	525	1.0	1/4	1/4	4/4	2	1	I6		C	I		I6		I		6					M	0	0	4, 1, 0		0	4
132	132	526	526	2.0	1/2	1/2	4/4	2	1	ii6	viio64	C	I		ii6		ii		6					m	0	0	-1, 3, 2		2	-1
133	133	528	528	2.0	0	0	4/4	2	1	I		C	I		I		I							M	0	0	0, 4, 1		0	0
133	133	530	530	2.0	1/2	1/2	4/4	2	1	IV6	vi	C	I		IV6		IV		6					M	0	0	3, 0, -1		-1	3
134	134	532	532	3.0	0	0	4/4	2	1	viio\\		C	I		viio		vii	o					\\	o	0	0	5, 2, -1		5	5
134	134	535	535	1.0	3/4	3/4	4/4	2	1	v6		C	I		v6		v		6					m	0	0	-2, 2, 1		1	-2
135	135	536	536	1.0	0	0	4/4	2	1	V7(b94)/ii		C	I		V7(b94)/ii		V		7	b94	ii			Mm7	0	0	3, 2, 4, 1	-9	3	3
135	135	537	537	1.0	1/4	1/4	4/4	2	1	V/ii		C	I		V/ii		V				ii			M	0	0	3, 7, 4		3	3
135	135	538	538	1.0	1/2	1/2	4/4	2	1	V7(b94)/V		C	I		V7(b94)/V		V		7	b94	V			Mm7	0	0	2, 1, 3, 0	-3	2	2
135	135	539	539	1.0	3/4	3/4	4/4	2	1	V/V		C	I		V/V		V				V			M	0	0	2, 6, 3		2	2
136	136	540	540	1.0	0	0	4/4	2	1	V7(94)		C	I		V7(94)		V		7	94				Mm7	0	0	1, 0, 2, -1	3	1	1
136	136	541	541	1.0	1/4	1/4	4/4	2	1	V		C	I		V		V							M	0	0	1, 5, 2		1	1
136	136	542	542	1.0	1/2	1/2	4/4	2	1	V7(94)/IV		C	I		V7(94)/IV		V		7	94	IV			Mm7	0	0	0, -1, 1, -2	2	0	0
136	136	543	543	1.0	3/4	3/4	4/4	2	1	V/IV		C	I		V/IV		V				IV			M	0	0	0, 4, 1		0	0
137	137	544	544	1.0	0	0	4/4	2	1	IV(974)		C	I		IV(974)		IV			974				M	0	0	-1, 5, 0	1, 4	-1	-1
137	137	545	545	1.0	1/4	1/4	4/4	2	1	IV		C	I		IV		IV							M	0	0	-1, 3, 0		-1	-1
137	137	546	546	1.0	1/2	1/2	4/4	2	1	ii6		C	I		ii6		ii		6					m	0	0	-1, 3, 2		2	-1
137	137	547	547	1.0	3/4	3/4	4/4	2	1	vii%7/V		C	I		vii%7/V		vii	%	7		V			%7	0	0	6, 3, 0, 4		6	6
138	138	548	548	2.0	0	0	4/4	2	1	V(64)		C	I		V(64)		V			64				M	0	0	1, 0, 4		1	1
138	138	550	550	2.0	1/2	1/2	4/4	2	1	V\\		C	I		V		V						\\	M	0	0	1, 5, 2		1	1
139	139	552	552	2.0	0	0	4/4	2	1	I		C	I		I		I							M	0	0	0, 4, 1		0	0
139	139	554	554	1.5	1/2	1/2	4/4	2	1	vi		C	I		vi		vi							m	0	0	3, 0, 4		3	3
139	139	1111/2	1111/2	0.5	7/8	7/8	4/4	2	1	V/ii		C	I		V/ii		V				ii			M	0	0	3, 7, 4		3	3
140	140	556	556	2.0	0	0	4/4	2	1	vii%7		C	I		vii%7		vii	%	7					%7	0	0	5, 2, -1, 3		5	5
140	140	558	558	2.0	1/2	1/2	4/4	2	1	V		C	I		V		V							M	0	0	1, 5, 2		1	1
141	141	560	560	1.5	0	0	4/4	2	1	vi		C	I		vi		vi							m	0	0	3, 0, 4		3	3
141	141	1123/2	1123/2	0.5	3/8	3/8	4/4	2	1	V/ii		C	I		V/ii		V				ii			M	0	0	3, 7, 4		3	3
141	141	562	562	1.5	1/2	1/2	4/4	2	1	ii6		C	I		ii6		ii		6					m	0	0	-1, 3, 2		2	-1
141	141	1127/2	1127/2	0.5	7/8	7/8	4/4	2	1	viio/V		C	I		viio/V		vii	o			V			o	0	0	6, 3, 0		6	6
142	142	564	564	2.0	0	0	4/4	2	1	V\\		C	I		V		V						\\	M	0	0	1, 5, 2		1	1
142	142	566	566	2.0	1/2	1/2	4/4	2	1	V43		C	I		V43		V		43					Mm7	0	0	2, -1, 1, 5		1	2
143	143	568	568	2.0	0	0	4/4	2	1	I6		C	I		I6		I		6					M	0	0	4, 1, 0		0	4
143	143	570	570	1.5	1/2	1/2	4/4	2	1	vi6		C	I		vi6		vi		6					m	0	0	0, 4, 3		3	0
143	143	1143/2	1143/2	0.5	7/8	7/8	4/4	2	1	V6/ii		C	I		V6/ii		V		6		ii			M	0	0	7, 4, 3		3	7
144	144	572	572	2.0	0	0	4/4	2	1	vii%2		C	I		vii%2		vii	%	2					%7	0	0	3, 5, 2, -1		5	3
144	144	574	574	2.0	1/2	1/2	4/4	2	1	V6		C	I		V6		V		6					M	0	0	5, 2, 1		1	5
145	145	576	576	1.5	0	0	4/4	2	1	vi6		C	I		vi6		vi		6					m	0	0	0, 4, 3		3	0
145	145	1155/2	1155/2	0.5	3/8	3/8	4/4	2	1	V6/ii		C	I		V6/ii		V		6		ii			M	0	0	7, 4, 3		3	7
145	145	578	578	1.0	1/2	1/2	4/4	2	1	ii		C	I		ii		ii							m	0	0	2, -1, 3		2	2
145	145	579	579	0.5	3/4	3/4	4/4	2	1	viio		C	I		viio		vii	o						o	0	0	5, 2, -1		5	5
145	145	1159/2	1159/2	0.5	7/8	7/8	4/4	2	1	viio6/V		C	I		viio6/V		vii	o	6		V			o	0	0	3, 0, 6		6	3
146	146	580	580	0.5	0	0	4/4	2	1	V\\		C	I		V		V						\\	M	0	0	1, 5, 2		1	1
146	146	1161/2	1161/2	3.5	1/8	1/8	4/4	2	1	V		C	I		V		V							M	0	0	1, 5, 2		1	1
147	147	584	584	1.0	0	0	4/4	2	1	I		C	I		I		I							M	0	0	0, 4, 1		0	0
147	147	585	585	1.0	1/4	1/4	4/4	2	1	I6		C	I		I6		I		6					M	0	0	4, 1, 0		0	4
147	147	586	586	1.0	1/2	1/2	4/4	2	1	I6(#4#2)		C	I		I6(#4#2)		I		6	#4#2				M	0	0	9, 6, 0		0	9
147	147	587	587	1.0	3/4	3/4	4/4	2	1	I6		C	I		I6		I		6					M	0	0	4, 1, 0		0	4
148	148	588	588	1.0	0	0	4/4	2	1	I		C	I		I		I							M	0	0	0, 4, 1		0	0
148	148	589	589	1.0	1/4	1/4	4/4	2	1	I6		C	I		I6		I		6					M	0	0	4, 1, 0		0	4
148	148	590	590	0.5	1/2	1/2	4/4	2	1	V43		C	I		V43		V		43					Mm7	0	0	2, -1, 1, 5		1	2
148	148	1181/2	1181/2	0.5	5/8	5/8	4/4	2	1	I		C	I		I		I							M	0	0	0, 4, 1		0	0
148	148	591	591	0.5	3/4	3/4	4/4	2	1	V		C	I		V		V							M	0	0	1, 5, 2		1	1
148	148	1183/2	1183/2	0.5	7/8	7/8	4/4	2	1	vi7	viio6(2)/V	C	I		vi7		vi		7					mm7	0	0	3, 0, 4, 1		3	3
149	149	592	592	1.0	0	0	4/4	2	1	V		C	I		V		V							M	0	0	1, 5, 2		1	1
149	149	593	593	1.0	1/4	1/4	4/4	2	1	V43		C	I		V43		V		43					Mm7	0	0	2, -1, 1, 5		1	2
149	149	594	594	1.0	1/2	1/2	4/4	2	1	V43(6#4)		C	I		V43(6#4)		V		43	6#4				Mm7	0	0	7, 4, -1, 1, 5		1	7
149	149	595	595	1.0	3/4	3/4	4/4	2	1	V43		C	I		V43		V		43					Mm7	0	0	2, -1, 1, 5		1	2
150	150	596	596	1.0	0	0	4/4	2	1	V		C	I		V		V							M	0	0	1, 5, 2		1	1
150	150	597	597	1.0	1/4	1/4	4/4	2	1	V43		C	I		V43		V		43					Mm7	0	0	2, -1, 1, 5		1	2
150	150	598	598	0.5	1/2	1/2	4/4	2	1	I		C	I		I		I							M	0	0	0, 4, 1		0	0
150	150	1197/2	1197/2	0.5	5/8	5/8	4/4	2	1	V6		C	I		V6		V		6					M	0	0	5, 2, 1		1	5
150	150	599	599	0.5	3/4	3/4	4/4	2	1	I		C	I		I		I							M	0	0	0, 4, 1		0	0
150	150	1199/2	1199/2	0.5	7/8	7/8	4/4	2	1	V43		C	I		V43		V		43					Mm7	0	0	2, -1, 1, 5		1	2
151	151	600	600	1.0	0	0	4/4	2	1	I		C	I		I		I							M	0	0	0, 4, 1		0	0
151	151	601	601	1.0	1/4	1/4	4/4	2	1	I6		C	I		I6		I		6					M	0	0	4, 1, 0		0	4
151	151	602	602	1.0	1/2	1/2	4/4	2	1	I6(#4#2)		C	I		I6(#4#2)		I		6	#4#2				M	0	0	9, 6, 0		0	9
151	151	603	603	1.0	3/4	3/4	4/4	2	1	I6		C	I		I6		I		6					M	0	0	4, 1, 0		0	4
152	152	604	604	1.0	0	0	4/4	2	1	I		C	I		I		I							M	0	0	0, 4, 1		0	0
152	152	605	605	1.0	1/4	1/4	4/4	2	1	V43/IV		C	I		V43/IV		V		43		IV			Mm7	0	0	1, -2, 0, 4		0	1
152	152	606	606	1.0	1/2	1/2	4/4	2	1	V43(6#4)/IV		C	I		V43(6#4)/IV		V		43	6#4	IV			Mm7	0	0	6, 3, -2, 0, 4		0	6
152	152	607	607	1.0	3/4	3/4	4/4	2	1	V43/IV		C	I		V43/IV		V		43		IV			Mm7	0	0	1, -2, 0, 4		0	1
153	153	608	608	1.0	0	0	4/4	2	1	IV		C	I		IV		IV							M	0	0	-1, 3, 0		-1	-1
153	153	609	609	1.0	1/4	1/4	4/4	2	1	I6		C	I		I6		I		6					M	0	0	4, 1, 0		0	4
153	153	610	610	1.0	1/2	1/2	4/4	2	1	V65		C	I		V65		V		65					Mm7	0	0	5, 2, -1, 1		1	5
153	153	611	611	1.0	3/4	3/4	4/4	2	1	I		C	I		I		I							M	0	0	0, 4, 1		0	0
154	154	612	612	4.0	0	0	4/4	2	1	ii6		C	I		ii6		ii		6					m	0	0	-1, 3, 2		2	-1
155	155	616	616	1.0	0	0	4/4	2	1	V[V7		C	I	V	V7		V		7					Mm7	0	0	1, 5, 2, -1		1	1
155	155	617	617	1.0	1/4	1/4	4/4	2	1	I6		C	I	V	I6		I		6					M	0	0	4, 1, 0		0	4
155	155	618	618	1.0	1/2	1/2	4/4	2	1	V7(6)		C	I	V	V7(6)		V		7	6				Mm7	0	0	1, 5, 4, -1		1	1
155	155	619	619	1.0	3/4	3/4	4/4	2	1	V		C	I	V	V		V							M	0	0	1, 5, 2		1	1
156	156	620	620	1.0	0	0	4/4	2	1	I(2)		C	I	V	I(2)		I			2				M	0	0	2, 4, 1		0	2
156	156	621	621	1.0	1/4	1/4	4/4	2	1	I		C	I	V	I		I							M	0	0	0, 4, 1		0	0
156	156	622	622	1.0	1/2	1/2	4/4	2	1	ii6(2)		C	I	V	ii6(2)		ii		6	2				m	0	0	-1, 3, 4		2	-1
156	156	623	623	1.0	3/4	3/4	4/4	2	1	ii6		C	I	V	ii6		ii		6					m	0	0	-1, 3, 2		2	-1
157	157	624	624	1.0	0	0	4/4	2	1	V7]		C	I	V	V7		V		7					Mm7	0	0	1, 5, 2, -1		1	1
157	157	625	625	1.0	1/4	1/4	4/4	2	1	I		C	I		I		I							M	0	0	0, 4, 1		0	0
157	157	626	626	1.0	1/2	1/2	4/4	2	1	ii6		C	I		ii6		ii		6					m	0	0	-1, 3, 2		2	-1
157	157	627	627	1.0	3/4	3/4	4/4	2	1	V7		C	I		V7		V		7					Mm7	0	0	1, 5, 2, -1		1	1
158	158	628	628	4.0	0	0	4/4	2	1	i.i		C	i		i		i							m	0	1	0, -3, 1		0	0
159	159	632	632	4.0	0	0	4/4	2	1	V65		C	i		V65		V		65					Mm7	0	1	5, 2, -1, 1		1	5
160	160	636	636	1.0	0	0	4/4	2	1	i		C	i		i		i							m	0	1	0, -3, 1		0	0
160	160	637	637	1.0	1/4	1/4	4/4	2	1	V43		C	i		V43		V		43					Mm7	0	1	2, -1, 1, 5		1	2
160	160	638	638	1.0	1/2	1/2	4/4	2	1	i		C	i		i		i							m	0	1	0, -3, 1		0	0
160	160	639	639	1.0	3/4	3/4	4/4	2	1	iv6		C	i		iv6		iv		6					m	0	1	-4, 0, -1		-1	-4
161	161	640	640	2.0	0	0	4/4	2	1	V(64)		C	i		V(64)		V			64				M	0	1	1, 0, -3		1	1
161	161	642	642	1.5	1/2	1/2	4/4	2	1	V\\		C	i		V		V						\\	M	0	1	1, 5, 2		1	1
161	161	1287/2	1287/2	0.5	7/8	7/8	4/4	2	1	V7		C	i		V7		V		7					Mm7	0	1	1, 5, 2, -1		1	1
162	162	644	644	4.0	0	0	4/4	2	1	i		C	i		i		i							m	0	1	0, -3, 1		0	0
163	163	648	648	4.0	0	0	4/4	2	1	V65		C	i		V65		V		65					Mm7	0	1	5, 2, -1, 1		1	5
164	164	652	652	4.0	0	0	4/4	2	1	#viio43/iv		C	i		#viio43/iv		#vii	o	43		iv			o7	0	1	-2, -5, 4, 1		4	-2
165	165	656	656	2.0	0	0	4/4	2	1	iv6		C	i		iv6		iv		6					m	0	1	-4, 0, -1		-1	-4
165	165	658	658	2.0	1/2	1/2	4/4	2	1	iv		C	i		iv		iv							m	0	1	-1, -4, 0		-1	-1
166	166	660	660	2.0	0	0	4/4	2	1	V7		C	i		V7		V		7					Mm7	0	1	1, 5, 2, -1		1	1
166	166	662	662	2.0	1/2	1/2	4/4	2	1	VI		C	i		VI		VI							M	0	1	-4, 0, -3		-4	-4
167	167	664	664	2.0	0	0	4/4	2	1	iio6		C	i		iio6		ii	o	6					o	0	1	-1, -4, 2		2	-1
167	167	666	666	2.0	1/2	1/2	4/4	2	1	V7		C	i		V7		V		7					Mm7	0	1	1, 5, 2, -1		1	1
168	168	668	668	2.0	0	0	4/4	2	1	VI		C	i		VI		VI							M	0	1	-4, 0, -3		-4	-4
168	168	670	670	2.0	1/2	1/2	4/4	2	1	V43(+2)/iv		C	i		V43(+2)/iv		V		43	+2	iv			Mm7	0	1	1, -2, 0, 4	-5	0	1
169	169	672	672	4.0	0	0	4/4	2	1	iv		C	i		iv		iv							m	0	1	-1, -4, 0		-1	-1
170	170	676	676	4.0	0	0	4/4	2	1	viio7/V		C	i		viio7/V		vii	o	7		V			o7	0	1	6, 3, 0, -3		6	6
171	171	680	680	4.0	0	0	4/4	2	1	V[V		C	i	V	V		V							M	0	1	1, 5, 2		1	1
172	172	684	684	4.0	0	0	4/4	2	1	i		C	i	V	i		i							m	0	1	0, -3, 1		0	0
173	173	688	688	4.0	0	0	4/4	2	1	V		C	i	V	V		V							M	0	1	1, 5, 2		1	1
174	174	692	692	4.0	0	0	4/4	2	1	i		C	i	V	i		i							m	0	1	0, -3, 1		0	0
175	175	696	696	1.5	0	0	4/4	2	1	V]\\		C	i	V	V		V						\\	M	0	1	1, 5, 2		1	1
175	175	1395/2	1395/2	2.5	3/8	3/8	4/4	2	1	V.V		C	V		V		V							M	0	0	1, 5, 2		1	1
176	176	700	700	3.0	0	0	4/4	2	1	I[I		C	V	I	I		I							M	0	0	0, 4, 1		0	0
176	176	703	703	1.0	3/4	3/4	4/4	2	1	V2		C	V	I	V2		V		2					Mm7	0	0	-1, 1, 5, 2		1	-1
177	177	704	704	3.0	0	0	4/4	2	1	I		C	V	I	I		I							M	0	0	0, 4, 1		0	0
177	177	707	707	1.0	3/4	3/4	4/4	2	1	V2		C	V	I	V2		V		2					Mm7	0	0	-1, 1, 5, 2		1	-1
178	178	708	708	3.0	0	0	4/4	2	1	I		C	V	I	I		I							M	0	0	0, 4, 1		0	0
178	178	711	711	1.0	3/4	3/4	4/4	2	1	V2		C	V	I	V2		V		2					Mm7	0	0	-1, 1, 5, 2		1	-1
179	179	712	712	1.0	0	0	4/4	2	1	I]		C	V	I	I		I							M	0	0	0, 4, 1		0	0
179	179	713	713	2.0	1/4	1/4	4/4	2	1	I6		C	V		I6		I		6					M	0	0	4, 1, 0		0	4
179	179	715	715	1.0	3/4	3/4	4/4	2	1	V+6/IV		C	V		V+6/IV		V	+	6		IV			+	0	0	4, 8, 0		0	4
180	180	716	716	4.0	0	0	4/4	2	1	IV		C	V		IV		IV							M	0	0	-1, 3, 0		-1	-1
181	181	720	720	3.0	0	0	4/4	2	1	V(64)		C	V		V(64)		V			64				M	0	0	1, 0, 4		1	1
181	181	723	723	1.0	3/4	3/4	4/4	2	1	V7		C	V		V7		V		7					Mm7	0	0	1, 5, 2, -1		1	1
182	182	724	724	3.0	0	0	4/4	2	1	I[I		C	V	I	I		I							M	0	0	0, 4, 1		0	0
182	182	727	727	1.0	3/4	3/4	4/4	2	1	V2		C	V	I	V2		V		2					Mm7	0	0	-1, 1, 5, 2		1	-1
183	183	728	728	3.0	0	0	4/4	2	1	I		C	V	I	I		I							M	0	0	0, 4, 1		0	0
183	183	731	731	1.0	3/4	3/4	4/4	2	1	V2		C	V	I	V2		V		2					Mm7	0	0	-1, 1, 5, 2		1	-1
184	184	732	732	3.0	0	0	4/4	2	1	I		C	V	I	I		I							M	0	0	0, 4, 1		0	0
184	184	735	735	1.0	3/4	3/4	4/4	2	1	V2		C	V	I	V2		V		2					Mm7	0	0	-1, 1, 5, 2		1	-1
185	185	736	736	1.0	0	0	4/4	2	1	I]		C	V	I	I		I							M	0	0	0, 4, 1		0	0
185	185	737	737	2.0	1/4	1/4	4/4	2	1	I6		C	V		I6		I		6					M	0	0	4, 1, 0		0	4
185	185	739	739	1.0	3/4	3/4	4/4	2	1	V+6/IV		C	V		V+6/IV		V	+	6		IV			+	0	0	4, 8, 0		0	4
186	186	740	740	2.0	0	0	4/4	2	1	IV		C	V		IV		IV							M	0	0	-1, 3, 0		-1	-1
186	186	742	742	2.0	1/2	1/2	4/4	2	1	viio7/V		C	V		viio7/V		vii	o	7		V			o7	0	0	6, 3, 0, -3		6	6
187	187	744	744	2.0	0	0	4/4	2	1	V(64)		C	V		V(64)		V			64				M	0	0	1, 0, 4		1	1
187	187	746	746	2.0	1/2	1/2	4/4	2	1	V2/IV		C	V		V2/IV		V		2		IV			Mm7	0	0	-2, 0, 4, 1		0	-2
188	188	748	748	2.0	0	0	4/4	2	1	IV6		C	V		IV6		IV		6					M	0	0	3, 0, -1		-1	3
188	188	750	750	2.0	1/2	1/2	4/4	2	1	Ger6		C	V		Ger6	Ger	vii	o	65	b3	V			Ger	0	0	-4, 0, -3, 6		6	-4
189	189	752	752	8.0	0	0	4/4	2	1	V(64)		C	V		V(64)		V			64				M	0	0	1, 0, 4		1	1
191	191	760	760	2.0	0	0	4/4	2	1	V(4)		C	V		V(4)		V			4				M	0	0	1, 0, 2		1	1
191	191	762	762	2.0	1/2	1/2	4/4	2	1	V		C	V		V		V							M	0	0	1, 5, 2		1	1
192	192	764	764	1.5	0	0	4/4	2	1	I\\		C	V		I		I						\\	M	0	0	0, 4, 1		0	0
192	192	1531/2	1531/2	0.5	3/8	3/8	4/4	2	1	I[I		C	V	I	I		I							M	0	0	0, 4, 1		0	0
192	192	766	766	1.0	1/2	1/2	4/4	2	1	vi	IV6	C	V	I	vi		vi							m	0	0	3, 0, 4		3	3
192	192	767	767	1.0	3/4	3/4	4/4	2	1	V		C	V	I	V		V							M	0	0	1, 5, 2		1	1
193	193	768	768	1.0	0	0	4/4	2	1	IV		C	V	I	IV		IV							M	0	0	-1, 3, 0		-1	-1
193	193	769	769	1.0	1/4	1/4	4/4	2	1	I		C	V	I	I		I							M	0	0	0, 4, 1		0	0
193	193	770	770	1.0	1/2	1/2	4/4	2	1	IV		C	V	I	IV		IV							M	0	0	-1, 3, 0		-1	-1
193	193	771	771	1.0	3/4	3/4	4/4	2	1	viio6		C	V	I	viio6		vii	o	6					o	0	0	2, -1, 5		5	2
194	194	772	772	0.5	0	0	4/4	2	1	I		C	V	I	I		I							M	0	0	0, 4, 1		0	0
194	194	1545/2	1545/2	0.5	1/8	1/8	4/4	2	1	ii6	viio64	C	V	I	ii6		ii		6					m	0	0	-1, 3, 2		2	-1
194	194	773	773	1.0	1/4	1/4	4/4	2	1	I		C	V	I	I		I							M	0	0	0, 4, 1		0	0
194	194	774	774	1.0	1/2	1/2	4/4	2	1	vi	IV6	C	V	I	vi		vi							m	0	0	3, 0, 4		3	3
194	194	775	775	1.0	3/4	3/4	4/4	2	1	V		C	V	I	V		V							M	0	0	1, 5, 2		1	1
195	195	776	776	1.0	0	0	4/4	2	1	IV		C	V	I	IV		IV							M	0	0	-1, 3, 0		-1	-1
195	195	777	777	1.0	1/4	1/4	4/4	2	1	I		C	V	I	I		I							M	0	0	0, 4, 1		0	0
195	195	778	778	1.0	1/2	1/2	4/4	2	1	IV		C	V	I	IV		IV							M	0	0	-1, 3, 0		-1	-1
195	195	779	779	1.0	3/4	3/4	4/4	2	1	viio6		C	V	I	viio6		vii	o	6					o	0	0	2, -1, 5		5	2
196	196	780	780	1.5	0	0	4/4	2	1	I]\\		C	V	I	I		I						\\	M	0	0	0, 4, 1		0	0
196	196	1563/2	1563/2	0.5	3/8	3/8	4/4	2	1	I6		C	V		I6		I		6					M	0	0	4, 1, 0		0	4
196	196	782	782	1.5	1/2	1/2	4/4	2	1	V		C	V		V		V							M	0	0	1, 5, 2		1	1
196	196	1567/2	1567/2	0.5	7/8	7/8	4/4	2	1	V6		C	V		V6		V		6					M	0	0	5, 2, 1		1	5
197	197	784	784	1.5	0	0	4/4	2	1	I		C	V		I		I							M	0	0	0, 4, 1		0	0
197	197	1571/2	1571/2	0.5	3/8	3/8	4/4	2	1	I6		C	V		I6		I		6					M	0	0	4, 1, 0		0	4
197	197	786	786	1.5	1/2	1/2	4/4	2	1	V		C	V		V		V							M	0	0	1, 5, 2		1	1
197	197	1575/2	1575/2	0.5	7/8	7/8	4/4	2	1	V6		C	V		V6		V		6					M	0	0	5, 2, 1		1	5
198	198	788	788	1.0	0	0	4/4	2	1	V[I\\		C	V	V	I		I						\\	M	0	0	0, 4, 1		0	0
198	198	789	789	0.5	1/4	1/4	4/4	2	1	I		C	V	V	I		I							M	0	0	0, 4, 1		0	0
198	198	1579/2	1579/2	0.5	3/8	3/8	4/4	2	1	I6		C	V	V	I6		I		6					M	0	0	4, 1, 0		0	4
198	198	790	790	1.5	1/2	1/2	4/4	2	1	V		C	V	V	V		V							M	0	0	1, 5, 2		1	1
198	198	1583/2	1583/2	0.5	7/8	7/8	4/4	2	1	V7		C	V	V	V7		V		7					Mm7	0	0	1, 5, 2, -1		1	1
199	199	792	792	1.5	0	0	4/4	2	1	I		C	V	V	I		I							M	0	0	0, 4, 1		0	0
199	199	1587/2	1587/2	0.5	3/8	3/8	4/4	2	1	I6		C	V	V	I6		I		6					M	0	0	4, 1, 0		0	4
199	199	794	794	1.5	1/2	1/2	4/4	2	1	V		C	V	V	V		V							M	0	0	1, 5, 2		1	1
199	199	1591/2	1591/2	0.5	7/8	7/8	4/4	2	1	V7]		C	V	V	V7		V		7					Mm7	0	0	1, 5, 2, -1		1	1
200	200	796	796	8.0	0	0	4/4	2	1	I\\		C	V		I		I						\\	M	0	0	0, 4, 1		0	0
