mc	mn	mc_onset	mn_onset	timesig	staff	voice	label	offset_x	offset_y	offset	alt_label	globalkey	localkey	pedal	chord	numeral	form	figbass	changes	relativeroot	cadence	phraseend	chord_type	globalkey_is_minor	localkey_is_minor	chord_tones	added_tones	root	bass_note	n_colored	n_untouched	count_ratio	dur_colored	dur_untouched	dur_ratio
1	1	0	0	4/4	2	1	Eb.I[I					Eb	I	I	I	I							M	0	0	-3, 1, -2		-3	-3	10	28	0.2631578947368421	0.6875	3.9375	0.14864864864864866
3	3	1/8	1/8	4/4	2	1	IV					Eb	I	I	IV	IV							M	0	0	-4, 0, -3		-4	-4	4	15	0.21052631578947367	0.25	2.0	0.1111111111111111
4	4	1/8	1/8	4/4	2	1	I]					Eb	I	I	I	I							M	0	0	-3, 1, -2		-3	-3	4	16	0.2	0.25	2.0	0.1111111111111111
5	5	1/8	1/8	4/4	2	1	ii6					Eb	I		ii6	ii		6					m	0	0	-4, 0, -1		-1	-4	2	6	0.25	0.25	0.875	0.2222222222222222
5	5	1/2	1/2	4/4	2	1	ii					Eb	I		ii	ii							m	0	0	-1, -4, 0		-1	-1	4	7	0.36363636363636365	0.3125	0.8125	0.2777777777777778
6	6	1/8	1/8	4/4	2	1	V6					Eb	I		V6	V		6					M	0	0	2, -1, -2		-2	2	2	6	0.25	0.25	0.875	0.2222222222222222
6	6	1/2	1/2	4/4	2	1	V					Eb	I		V	V							M	0	0	-2, 2, -1		-2	-2	2	4	0.3333333333333333	0.125	0.625	0.16666666666666666
6	6	3/4	3/4	4/4	2	1	V7					Eb	I		V7	V		7					Mm7	0	0	-2, 2, -1, -4		-2	-2	2	3	0.4	0.1875	0.1875	0.5
7	7	1/8	1/8	4/4	2	1	I					Eb	I		I	I							M	0	0	-3, 1, -2		-3	-3	4	15	0.21052631578947367	0.25	2.0	0.1111111111111111
8	8	1/8	1/8	4/4	2	1	ii65					Eb	I		ii65	ii		65					mm7	0	0	-4, 0, -3, -1		-1	-4	0	8	0.0	0.0	1.125	0.0
8	8	1/2	1/2	4/4	2	1	ii6					Eb	I		ii6	ii		6					m	0	0	-4, 0, -1		-1	-4	3	8	0.2727272727272727	0.25	0.875	0.2222222222222222
9	9	1/8	1/8	4/4	2	1	ii65					Eb	I		ii65	ii		65					mm7	0	0	-4, 0, -3, -1		-1	-4	0	8	0.0	0.0	1.125	0.0
9	9	1/2	1/2	4/4	2	1	ii6					Eb	I		ii6	ii		6					m	0	0	-4, 0, -1		-1	-4	3	7	0.3	0.1875	0.8125	0.1875
10	10	0	0	4/4	2	1	V[I6					Eb	I	V	I6	I		6					M	0	0	1, -2, -3		-3	1	2	4	0.3333333333333333	0.0625	0.4375	0.125
10	10	1/4	1/4	4/4	2	1	V7					Eb	I	V	V7	V		7					Mm7	0	0	-2, 2, -1, -4		-2	-2	1	5	0.16666666666666666	0.0625	0.4375	0.125
10	10	1/2	1/2	4/4	2	1	I					Eb	I	V	I	I							M	0	0	-3, 1, -2		-3	-3	2	4	0.3333333333333333	0.0625	0.4375	0.125
10	10	3/4	3/4	4/4	2	1	V7]					Eb	I	V	V7	V		7					Mm7	0	0	-2, 2, -1, -4		-2	-2	2	4	0.3333333333333333	0.0625	0.4375	0.125
11	11	0	0	4/4	2	1	I\\					Eb	I		I	I						\\	M	0	0	-3, 1, -2		-3	-3	0	2	0.0	0.0	0.5	0.0
11	11	1/4	1/4	4/4	2	1	I					Eb	I		I	I							M	0	0	-3, 1, -2		-3	-3	12	12	0.5	0.75	0.75	0.5
12	12	0	0	4/4	2	1	V					Eb	I		V	V							M	0	0	-2, 2, -1		-2	-2	0	2	0.0	0.0	0.5	0.0
12	12	1/4	1/4	4/4	2	1	V(64)					Eb	I		V(64)	V			64				M	0	0	-2, -3, 1		-2	-2	0	11	0.0	0.0	2.0	0.0
12	12	3/4	3/4	4/4	2	1	V7					Eb	I		V7	V		7					Mm7	0	0	-2, 2, -1, -4		-2	-2	0	7	0.0	0.0	1.0	0.0
13	13	0	0	4/4	2	1	I\\					Eb	I		I	I						\\	M	0	0	-3, 1, -2		-3	-3	0	5	0.0	0.0	1.25	0.0
13	13	1/4	1/4	4/4	2	1	I					Eb	I		I	I							M	0	0	-3, 1, -2		-3	-3	12	12	0.5	0.75	0.75	0.5
14	14	0	0	4/4	2	1	V					Eb	I		V	V							M	0	0	-2, 2, -1		-2	-2	0	2	0.0	0.0	0.5	0.0
14	14	1/4	1/4	4/4	2	1	V(64)					Eb	I		V(64)	V			64				M	0	0	-2, -3, 1		-2	-2	0	12	0.0	0.0	2.5	0.0
14	14	3/4	3/4	4/4	2	1	V7					Eb	I		V7	V		7					Mm7	0	0	-2, 2, -1, -4		-2	-2	0	8	0.0	0.0	1.25	0.0
15	15	0	0	4/4	2	1	I[I\\					Eb	I	I	I	I						\\	M	0	0	-3, 1, -2		-3	-3	0	5	0.0	0.0	1.0	0.0
15	15	1/8	1/8	4/4	2	1	I					Eb	I	I	I	I							M	0	0	-3, 1, -2		-3	-3	0	2	0.0	0.0	0.25	0.0
15	15	1/4	1/4	4/4	2	1	IV					Eb	I	I	IV	IV							M	0	0	-4, 0, -3		-4	-4	2	6	0.25	0.125	0.625	0.16666666666666666
15	15	1/2	1/2	4/4	2	1	I					Eb	I	I	I	I							M	0	0	-3, 1, -2		-3	-3	0	7	0.0	0.0	1.25	0.0
15	15	3/4	3/4	4/4	2	1	V43					Eb	I	I	V43	V		43					Mm7	0	0	-1, -4, -2, 2		-2	-1	2	6	0.25	0.125	0.625	0.16666666666666666
16	16	0	0	4/4	2	1	I					Eb	I	I	I	I							M	0	0	-3, 1, -2		-3	-3	0	7	0.0	0.0	1.25	0.0
16	16	1/4	1/4	4/4	2	1	IV					Eb	I	I	IV	IV							M	0	0	-4, 0, -3		-4	-4	2	6	0.25	0.125	0.625	0.16666666666666666
16	16	1/2	1/2	4/4	2	1	I					Eb	I	I	I	I							M	0	0	-3, 1, -2		-3	-3	0	7	0.0	0.0	1.25	0.0
16	16	3/4	3/4	4/4	2	1	V43					Eb	I	I	V43	V		43					Mm7	0	0	-1, -4, -2, 2		-2	-1	2	6	0.25	0.125	0.625	0.16666666666666666
17	17	0	0	4/4	2	1	I]					Eb	I	I	I	I							M	0	0	-3, 1, -2		-3	-3	0	6	0.0	0.0	0.75	0.0
17	17	1/4	1/4	4/4	2	1	V6					Eb	I		V6	V		6					M	0	0	2, -1, -2		-2	2	0	8	0.0	0.0	1.0	0.0
17	17	1/2	1/2	4/4	2	1	vi					Eb	I		vi	vi							m	0	0	0, -3, 1		0	0	0	8	0.0	0.0	1.0	0.0
17	17	3/4	3/4	4/4	2	1	V7/V					Eb	I		V7/V	V		7		V			Mm7	0	0	-1, 3, 0, -3		-1	-1	0	8	0.0	0.0	1.0	0.0
18	18	0	0	4/4	2	1	V[V\\					Eb	I	V	V	V						\\	M	0	0	-2, 2, -1		-2	-2	2	4	0.3333333333333333	0.125	2.25	0.05263157894736842
18	18	1/2	1/2	4/4	2	1	V2/ii					Eb	I	V	V2/ii	V		2		ii			Mm7	0	0	-2, 0, 4, 1		0	-2	1	4	0.2	0.125	0.5	0.2
19	19	0	0	4/4	2	1	ii				V7	Eb	I	V	ii	ii							m	0	0	-1, -4, 0		-1	-1	3	2	0.6	0.75	0.25	0.75
19	19	1/4	1/4	4/4	2	1	V7					Eb	I	V	V7	V		7					Mm7	0	0	-2, 2, -1, -4		-2	-2	0	3	0.0	0.0	0.5	0.0
19	19	1/2	1/2	4/4	2	1	I6					Eb	I	V	I6	I		6					M	0	0	1, -2, -3		-3	1	2	3	0.4	0.25	0.75	0.25
19	19	3/4	3/4	4/4	2	1	vii%43/V					Eb	I	V	vii%43/V	vii	%	43		V			%7	0	0	-3, 1, 3, 0		3	-3	0	3	0.0	0.0	0.5	0.0
20	20	0	0	4/4	2	1	V					Eb	I	V	V	V							M	0	0	-2, 2, -1		-2	-2	2	3	0.4	0.25	1.0	0.2
20	20	3/8	3/8	4/4	2	1	V7					Eb	I	V	V7	V		7					Mm7	0	0	-2, 2, -1, -4		-2	-2	0	2	0.0	0.0	0.25	0.0
20	20	1/2	1/2	4/4	2	1	I6					Eb	I	V	I6	I		6					M	0	0	1, -2, -3		-3	1	2	3	0.4	0.25	0.75	0.25
20	20	3/4	3/4	4/4	2	1	vii%43/V	0	-8	/		Eb	I	V	vii%43/V	vii	%	43		V			%7	0	0	-3, 1, 3, 0		3	-3	0	3	0.0	0.0	0.5	0.0
21	21	0	0	4/4	2	1	V					Eb	I	V	V	V							M	0	0	-2, 2, -1		-2	-2	2	3	0.4	0.25	1.0	0.2
21	21	3/8	3/8	4/4	2	1	V7					Eb	I	V	V7	V		7					Mm7	0	0	-2, 2, -1, -4		-2	-2	0	2	0.0	0.0	0.25	0.0
21	21	1/2	1/2	4/4	2	1	I6					Eb	I	V	I6	I		6					M	0	0	1, -2, -3		-3	1	2	3	0.4	0.25	0.75	0.25
21	21	3/4	3/4	4/4	2	1	vii%43/V	0	-8	/		Eb	I	V	vii%43/V	vii	%	43		V			%7	0	0	-3, 1, 3, 0		3	-3	0	3	0.0	0.0	0.5	0.0
22	22	0	0	4/4	2	1	V]\\					Eb	I	V	V	V						\\	M	0	0	-2, 2, -1		-2	-2	0	3	0.0	0.0	1.375	0.0
22	22	3/8	3/8	4/4	2	1	vii%65					Eb	I		vii%65	vii	%	65					%7	0	0	-1, -4, 0, 2		2	-1	1	4	0.2	0.125	0.5	0.2
23	23	0	0	4/4	2	1	I					Eb	I		I	I							M	0	0	-3, 1, -2		-3	-3	9	29	0.23684210526315788	0.5625	4.0625	0.12162162162162163
25	25	1/8	1/8	4/4	2	1	V.viio6					Eb	V		viio6	vii	o	6					o	0	0	0, -3, 3		3	0	4	15	0.21052631578947367	0.25	2.0	0.1111111111111111
26	26	1/8	1/8	4/4	2	1	I6					Eb	V		I6	I		6					M	0	0	2, -1, -2		-2	2	4	14	0.2222222222222222	0.25	1.875	0.11764705882352941
27	27	0	0	4/4	2	1	IV					Eb	V		IV	IV							M	0	0	-3, 1, -2		-3	-3	8	8	0.5	0.5	0.5	0.5
27	27	1/2	1/2	4/4	2	1	ii					Eb	V		ii	ii							m	0	0	0, -3, 1		0	0	8	8	0.5	0.5	0.5	0.5
28	28	0	0	4/4	2	1	viio					Eb	V		viio	vii	o						o	0	0	3, 0, -3		3	3	3	5	0.375	0.1875	0.8125	0.1875
28	28	1/2	1/2	4/4	2	1	viio6					Eb	V		viio6	vii	o	6					o	0	0	0, -3, 3		3	0	4	6	0.4	0.25	1.25	0.16666666666666666
29	29	0	0	4/4	2	1	I6					Eb	V		I6	I		6					M	0	0	2, -1, -2		-2	2	9	7	0.5625	0.5625	0.4375	0.5625
29	29	1/2	1/2	4/4	2	1	I					Eb	V		I	I							M	0	0	-2, 2, -1		-2	-2	8	8	0.5	0.5	0.5	0.5
30	30	0	0	4/4	2	1	vi					Eb	V		vi	vi							m	0	0	1, -2, 2		1	1	3	5	0.375	0.1875	0.8125	0.1875
30	30	1/2	1/2	4/4	2	1	vi6					Eb	V		vi6	vi		6					m	0	0	-2, 2, 1		1	-2	4	6	0.4	0.25	1.25	0.16666666666666666
31	31	0	0	4/4	2	1	ii					Eb	V		ii	ii							m	0	0	0, -3, 1		0	0	8	8	0.5	0.5	0.5	0.5
31	31	1/2	1/2	4/4	2	1	viio					Eb	V		viio	vii	o						o	0	0	3, 0, -3		3	3	8	8	0.5	0.5	0.5	0.5
32	32	0	0	4/4	2	1	V					Eb	V		V	V							M	0	0	-1, 3, 0		-1	-1	3	5	0.375	0.1875	0.8125	0.1875
32	32	1/2	1/2	4/4	2	1	V6					Eb	V		V6	V		6					M	0	0	3, 0, -1		-1	3	4	6	0.4	0.25	1.25	0.16666666666666666
33	33	0	0	4/4	2	1	I					Eb	V		I	I							M	0	0	-2, 2, -1		-2	-2	8	8	0.5	0.5	0.5	0.5
33	33	1/2	1/2	4/4	2	1	vi					Eb	V		vi	vi							m	0	0	1, -2, 2		1	1	8	8	0.5	0.5	0.5	0.5
34	34	0	0	4/4	2	1	IV					Eb	V		IV	IV							M	0	0	-3, 1, -2		-3	-3	1	4	0.2	0.0625	0.6875	0.08333333333333333
34	34	1/4	1/4	4/4	2	1	V65/V					Eb	V		V65/V	V		65		V			Mm7	0	0	4, 1, -2, 0		0	4	2	4	0.3333333333333333	0.125	0.625	0.16666666666666666
34	34	1/2	1/2	4/4	2	1	V					Eb	V		V	V							M	0	0	-1, 3, 0		-1	-1	1	4	0.2	0.0625	0.6875	0.08333333333333333
34	34	3/4	3/4	4/4	2	1	V65/vi					Eb	V		V65/vi	V		65		vi			Mm7	0	0	6, 3, 0, 2		2	6	2	4	0.3333333333333333	0.125	0.625	0.16666666666666666
35	35	0	0	4/4	2	1	vi					Eb	V		vi	vi							m	0	0	1, -2, 2		1	1	3	6	0.3333333333333333	0.1875	1.3125	0.125
35	35	1/2	1/2	4/4	2	1	viio6/V					Eb	V		viio6/V	vii	o	6		V			o	0	0	1, -2, 4		4	1	4	7	0.36363636363636365	0.25	1.75	0.125
36	36	0	0	4/4	2	1	V					Eb	V		V	V							M	0	0	-1, 3, 0		-1	-1	2	6	0.25	0.125	0.375	0.25
36	36	1/4	1/4	4/4	2	1	V2					Eb	V		V2	V		2					Mm7	0	0	-3, -1, 3, 0		-1	-3	0	4	0.0	0.0	0.25	0.0
36	36	3/8	3/8	4/4	2	1	I6					Eb	V		I6	I		6					M	0	0	2, -1, -2		-2	2	0	4	0.0	0.0	0.25	0.0
36	36	1/2	1/2	4/4	2	1	V64					Eb	V		V64	V		64					M	0	0	0, -1, 3		-1	0	0	4	0.0	0.0	0.25	0.0
36	36	5/8	5/8	4/4	2	1	I					Eb	V		I	I							M	0	0	-2, 2, -1		-2	-2	0	4	0.0	0.0	0.25	0.0
36	36	3/4	3/4	4/4	2	1	V65					Eb	V		V65	V		65					Mm7	0	0	3, 0, -3, -1		-1	3	0	4	0.0	0.0	0.25	0.0
36	36	7/8	7/8	4/4	2	1	viio6(+2)/V					Eb	V		viio6(+2)/V	vii	o	6	+2	V			o	0	0	1, -2, 4	-1	4	1	0	4	0.0	0.0	0.25	0.0
37	37	0	0	4/4	2	1	V[V					Eb	V	V	V	V							M	0	0	-1, 3, 0		-1	-1	1	8	0.1111111111111111	0.0625	1.4375	0.041666666666666664
37	37	3/8	3/8	4/4	2	1	vi7					Eb	V	V	vi7	vi		7					mm7	0	0	1, -2, 2, -1		1	1	0	3	0.0	0.0	0.25	0.0
37	37	1/2	1/2	4/4	2	1	V					Eb	V	V	V	V							M	0	0	-1, 3, 0		-1	-1	0	3	0.0	0.0	0.25	0.0
37	37	5/8	5/8	4/4	2	1	I					Eb	V	V	I	I							M	0	0	-2, 2, -1		-2	-2	0	3	0.0	0.0	0.25	0.0
37	37	3/4	3/4	4/4	2	1	V7					Eb	V	V	V7	V		7					Mm7	0	0	-1, 3, 0, -3		-1	-1	0	3	0.0	0.0	0.25	0.0
37	37	7/8	7/8	4/4	2	1	V					Eb	V	V	V	V							M	0	0	-1, 3, 0		-1	-1	0	3	0.0	0.0	0.25	0.0
38	38	0	0	4/4	2	1	I					Eb	V	V	I	I							M	0	0	-2, 2, -1		-2	-2	0	10	0.0	0.0	1.25	0.0
38	38	3/8	3/8	4/4	2	1	I6					Eb	V	V	I6	I		6					M	0	0	2, -1, -2		-2	2	0	3	0.0	0.0	0.25	0.0
38	38	1/2	1/2	4/4	2	1	I6(#4#2)				#viio/iii	Eb	V	V	I6(#4#2)	I		6	#4#2				M	0	0	7, 4, -2		-2	7	4	6	0.4	0.6875	0.5625	0.55
38	38	7/8	7/8	4/4	2	1	I6					Eb	V	V	I6	I		6					M	0	0	2, -1, -2		-2	2	0	3	0.0	0.0	0.25	0.0
39	39	0	0	4/4	2	1	V7					Eb	V	V	V7	V		7					Mm7	0	0	-1, 3, 0, -3		-1	-1	0	10	0.0	0.0	1.25	0.0
39	39	3/8	3/8	4/4	2	1	V+					Eb	V	V	V+	V	+						+	0	0	-1, 3, 7		-1	-1	0	3	0.0	0.0	0.25	0.0
39	39	1/2	1/2	4/4	2	1	I					Eb	V	V	I	I							M	0	0	-2, 2, -1		-2	-2	0	10	0.0	0.0	1.25	0.0
39	39	7/8	7/8	4/4	2	1	viio6/V					Eb	V	V	viio6/V	vii	o	6		V			o	0	0	1, -2, 4		4	1	0	3	0.0	0.0	0.25	0.0
40	40	0	0	4/4	2	1	V]					Eb	V	V	V	V							M	0	0	-1, 3, 0		-1	-1	2	6	0.25	0.125	0.375	0.25
40	40	1/4	1/4	4/4	2	1	V2					Eb	V		V2	V		2					Mm7	0	0	-3, -1, 3, 0		-1	-3	0	4	0.0	0.0	0.25	0.0
40	40	3/8	3/8	4/4	2	1	I6					Eb	V		I6	I		6					M	0	0	2, -1, -2		-2	2	0	4	0.0	0.0	0.25	0.0
40	40	1/2	1/2	4/4	2	1	V64					Eb	V		V64	V		64					M	0	0	0, -1, 3		-1	0	0	4	0.0	0.0	0.25	0.0
40	40	5/8	5/8	4/4	2	1	I					Eb	V		I	I							M	0	0	-2, 2, -1		-2	-2	0	4	0.0	0.0	0.25	0.0
40	40	3/4	3/4	4/4	2	1	V65					Eb	V		V65	V		65					Mm7	0	0	3, 0, -3, -1		-1	3	0	4	0.0	0.0	0.25	0.0
40	40	7/8	7/8	4/4	2	1	viio6(+2)/V					Eb	V		viio6(+2)/V	vii	o	6	+2	V			o	0	0	1, -2, 4	-1	4	1	0	4	0.0	0.0	0.25	0.0
41	41	0	0	4/4	2	1	V[V					Eb	V	V	V	V							M	0	0	-1, 3, 0		-1	-1	1	8	0.1111111111111111	0.0625	1.4375	0.041666666666666664
41	41	3/8	3/8	4/4	2	1	vi7					Eb	V	V	vi7	vi		7					mm7	0	0	1, -2, 2, -1		1	1	0	3	0.0	0.0	0.25	0.0
41	41	1/2	1/2	4/4	2	1	V					Eb	V	V	V	V							M	0	0	-1, 3, 0		-1	-1	0	3	0.0	0.0	0.25	0.0
41	41	5/8	5/8	4/4	2	1	I					Eb	V	V	I	I							M	0	0	-2, 2, -1		-2	-2	0	3	0.0	0.0	0.25	0.0
41	41	3/4	3/4	4/4	2	1	V7					Eb	V	V	V7	V		7					Mm7	0	0	-1, 3, 0, -3		-1	-1	0	3	0.0	0.0	0.25	0.0
41	41	7/8	7/8	4/4	2	1	V]					Eb	V	V	V	V							M	0	0	-1, 3, 0		-1	-1	0	3	0.0	0.0	0.25	0.0
42	42	0	0	4/4	2	1	I[I					Eb	V	I	I	I							M	0	0	-2, 2, -1		-2	-2	2	10	0.16666666666666666	0.125	0.75	0.14285714285714285
42	42	3/8	3/8	4/4	2	1	ii				viio6	Eb	V	I	ii	ii							m	0	0	0, -3, 1		0	0	2	2	0.5	0.125	0.25	0.3333333333333333
42	42	1/2	1/2	4/4	2	1	I					Eb	V	I	I	I							M	0	0	-2, 2, -1		-2	-2	0	4	0.0	0.0	0.375	0.0
42	42	5/8	5/8	4/4	2	1	IV					Eb	V	I	IV	IV							M	0	0	-3, 1, -2		-3	-3	0	4	0.0	0.0	0.375	0.0
42	42	3/4	3/4	4/4	2	1	V7/IV					Eb	V	I	V7/IV	V		7		IV			Mm7	0	0	-2, 2, -1, -4		-2	-2	0	4	0.0	0.0	0.375	0.0
42	42	7/8	7/8	4/4	2	1	V/IV					Eb	V	I	V/IV	V				IV			M	0	0	-2, 2, -1		-2	-2	0	4	0.0	0.0	0.375	0.0
43	43	0	0	4/4	2	1	IV					Eb	V	I	IV	IV							M	0	0	-3, 1, -2		-3	-3	1	9	0.1	0.0625	1.0625	0.05555555555555555
43	43	3/8	3/8	4/4	2	1	IV6					Eb	V	I	IV6	IV		6					M	0	0	1, -2, -3		-3	1	0	4	0.0	0.0	0.375	0.0
43	43	1/2	1/2	4/4	2	1	V					Eb	V	I	V	V							M	0	0	-1, 3, 0		-1	-1	2	2	0.5	0.125	0.25	0.3333333333333333
43	43	5/8	5/8	4/4	2	1	IV					Eb	V	I	IV	IV							M	0	0	-3, 1, -2		-3	-3	0	4	0.0	0.0	0.375	0.0
43	43	3/4	3/4	4/4	2	1	I6					Eb	V	I	I6	I		6					M	0	0	2, -1, -2		-2	2	0	4	0.0	0.0	0.375	0.0
43	43	7/8	7/8	4/4	2	1	IV					Eb	V	I	IV	IV							M	0	0	-3, 1, -2		-3	-3	0	4	0.0	0.0	0.375	0.0
44	44	0	0	4/4	2	1	I]					Eb	V	I	I	I							M	0	0	-2, 2, -1		-2	-2	1	9	0.1	0.0625	0.875	0.06666666666666667
44	44	3/8	3/8	4/4	2	1	ii7				viio6(2)	Eb	V		ii7	ii		7					mm7	0	0	0, -3, 1, -2		0	0	0	4	0.0	0.0	0.375	0.0
44	44	1/2	1/2	4/4	2	1	I6					Eb	V		I6	I		6					M	0	0	2, -1, -2		-2	2	0	4	0.0	0.0	0.375	0.0
44	44	5/8	5/8	4/4	2	1	IV					Eb	V		IV	IV							M	0	0	-3, 1, -2		-3	-3	0	4	0.0	0.0	0.375	0.0
44	44	3/4	3/4	4/4	2	1	V43/IV					Eb	V		V43/IV	V		43		IV			Mm7	0	0	-1, -4, -2, 2		-2	-1	0	4	0.0	0.0	0.375	0.0
44	44	7/8	7/8	4/4	2	1	V6/IV					Eb	V		V6/IV	V		6		IV			M	0	0	2, -1, -2		-2	2	0	4	0.0	0.0	0.375	0.0
45	45	0	0	4/4	2	1	IV					Eb	V		IV	IV							M	0	0	-3, 1, -2		-3	-3	1	9	0.1	0.0625	1.0625	0.05555555555555555
45	45	3/8	3/8	4/4	2	1	IV6					Eb	V		IV6	IV		6					M	0	0	1, -2, -3		-3	1	0	4	0.0	0.0	0.375	0.0
45	45	1/2	1/2	4/4	2	1	V43/IV					Eb	V		V43/IV	V		43		IV			Mm7	0	0	-1, -4, -2, 2		-2	-1	0	4	0.0	0.0	0.375	0.0
45	45	5/8	5/8	4/4	2	1	IV					Eb	V		IV	IV							M	0	0	-3, 1, -2		-3	-3	0	4	0.0	0.0	0.375	0.0
45	45	3/4	3/4	4/4	2	1	I6					Eb	V		I6	I		6					M	0	0	2, -1, -2		-2	2	0	4	0.0	0.0	0.375	0.0
45	45	7/8	7/8	4/4	2	1	IV					Eb	V		IV	IV							M	0	0	-3, 1, -2		-3	-3	0	4	0.0	0.0	0.375	0.0
46	46	0	0	4/4	2	1	I6					Eb	V		I6	I		6					M	0	0	2, -1, -2		-2	2	4	6	0.4	0.25	0.75	0.25
46	46	1/2	1/2	4/4	2	1	vi					Eb	V		vi	vi							m	0	0	1, -2, 2		1	1	2	5	0.2857142857142857	0.125	1.25	0.09090909090909091
46	46	7/8	7/8	4/4	2	1	viio6/V					Eb	V		viio6/V	vii	o	6		V			o	0	0	1, -2, 4		4	1	0	2	0.0	0.0	0.25	0.0
47	47	0	0	4/4	2	1	V					Eb	V		V	V							M	0	0	-1, 3, 0		-1	-1	0	7	0.0	0.0	1.0	0.0
47	47	1/4	1/4	4/4	2	1	V7/V					Eb	V		V7/V	V		7		V			Mm7	0	0	0, 4, 1, -2		0	0	0	7	0.0	0.0	1.0	0.0
47	47	1/2	1/2	4/4	2	1	V					Eb	V		V	V							M	0	0	-1, 3, 0		-1	-1	0	7	0.0	0.0	1.0	0.0
47	47	3/4	3/4	4/4	2	1	V7/V					Eb	V		V7/V	V		7		V			Mm7	0	0	0, 4, 1, -2		0	0	0	7	0.0	0.0	1.0	0.0
48	48	0	0	4/4	2	1	V\\					Eb	V		V	V						\\	M	0	0	-1, 3, 0		-1	-1	0	3	0.0	0.0	0.875	0.0
48	48	3/8	3/8	4/4	2	1	ii					Eb	V		ii	ii							m	0	0	0, -3, 1		0	0	2	3	0.4	0.25	0.375	0.4
49	49	0	0	4/4	2	1	I					Eb	V		I	I							M	0	0	-2, 2, -1		-2	-2	10	28	0.2631578947368421	0.6875	3.9375	0.14864864864864866
51	51	1/8	1/8	4/4	2	1	IV					Eb	V		IV	IV							M	0	0	-3, 1, -2		-3	-3	5	14	0.2631578947368421	0.375	1.875	0.16666666666666666
52	52	1/8	1/8	4/4	2	1	ii					Eb	V		ii	ii							m	0	0	0, -3, 1		0	0	5	14	0.2631578947368421	0.375	1.875	0.16666666666666666
53	53	1/8	1/8	4/4	2	1	viio					Eb	V		viio	vii	o						o	0	0	3, 0, -3		3	3	5	14	0.2631578947368421	0.375	1.875	0.16666666666666666
54	54	1/8	1/8	4/4	2	1	V6					Eb	V		V6	V		6					M	0	0	3, 0, -1		-1	3	2	6	0.25	0.25	0.875	0.2222222222222222
54	54	1/2	1/2	4/4	2	1	V					Eb	V		V	V							M	0	0	-1, 3, 0		-1	-1	3	7	0.3	0.1875	0.8125	0.1875
55	55	0	0	4/4	2	1	I					Eb	V		I	I							M	0	0	-2, 2, -1		-2	-2	0	6	0.0	0.0	0.5	0.0
55	55	1/4	1/4	4/4	2	1	I6					Eb	V		I6	I		6					M	0	0	2, -1, -2		-2	2	0	6	0.0	0.0	0.5	0.0
55	55	1/2	1/2	4/4	2	1	IV					Eb	V		IV	IV							M	0	0	-3, 1, -2		-3	-3	0	6	0.0	0.0	0.5	0.0
55	55	3/4	3/4	4/4	2	1	IV6					Eb	V		IV6	IV		6					M	0	0	1, -2, -3		-3	1	0	6	0.0	0.0	0.5	0.0
56	56	0	0	4/4	2	1	V					Eb	V		V	V							M	0	0	-1, 3, 0		-1	-1	0	6	0.0	0.0	0.5	0.0
56	56	1/4	1/4	4/4	2	1	V6					Eb	V		V6	V		6					M	0	0	3, 0, -1		-1	3	0	6	0.0	0.0	0.5	0.0
56	56	1/2	1/2	4/4	2	1	I					Eb	V		I	I							M	0	0	-2, 2, -1		-2	-2	0	6	0.0	0.0	0.5	0.0
56	56	3/4	3/4	4/4	2	1	I6					Eb	V		I6	I		6					M	0	0	2, -1, -2		-2	2	0	6	0.0	0.0	0.5	0.0
57	57	0	0	4/4	2	1	ii					Eb	V		ii	ii							m	0	0	0, -3, 1		0	0	0	6	0.0	0.0	0.5	0.0
57	57	1/4	1/4	4/4	2	1	V+6					Eb	V		V+6	V	+	6					+	0	0	3, 7, -1		-1	3	0	6	0.0	0.0	0.5	0.0
57	57	1/2	1/2	4/4	2	1	I					Eb	V		I	I							M	0	0	-2, 2, -1		-2	-2	0	6	0.0	0.0	0.5	0.0
57	57	3/4	3/4	4/4	2	1	#viio/vi					Eb	V		#viio/vi	#vii	o			vi			o	0	0	6, 3, 0		6	6	0	6	0.0	0.0	0.5	0.0
58	58	0	0	4/4	2	1	vi					Eb	V		vi	vi							m	0	0	1, -2, 2		1	1	0	6	0.0	0.0	0.5	0.0
58	58	1/4	1/4	4/4	2	1	V+6/IV					Eb	V		V+6/IV	V	+	6		IV			+	0	0	2, 6, -2		-2	2	0	6	0.0	0.0	0.5	0.0
58	58	1/2	1/2	4/4	2	1	IV					Eb	V		IV	IV							M	0	0	-3, 1, -2		-3	-3	0	6	0.0	0.0	0.5	0.0
58	58	3/4	3/4	4/4	2	1	viio7/V					Eb	V		viio7/V	vii	o	7		V			o7	0	0	4, 1, -2, -5		4	4	0	7	0.0	0.0	1.0	0.0
59	59	0	0	4/4	2	1	V(64)					Eb	V		V(64)	V			64				M	0	0	-1, -2, 2		-1	-1	20	37	0.3508771929824561	1.25	10.75	0.10416666666666667
62	62	0	0	4/4	2	1	V(4)					Eb	V		V(4)	V			4				M	0	0	-1, -2, 0		-1	-1	0	9	0.0	0.0	2.0	0.0
62	62	1/2	1/2	4/4	2	1	V					Eb	V		V	V							M	0	0	-1, 3, 0		-1	-1	0	8	0.0	0.0	1.0	0.0
63	63	0	0	4/4	2	1	I[I					Eb	V	I	I	I							M	0	0	-2, 2, -1		-2	-2	0	28	0.0	0.0	4.0	0.0
64	64	0	0	4/4	2	1	V2					Eb	V	I	V2	V		2					Mm7	0	0	-3, -1, 3, 0		-1	-3	7	21	0.25	2.1875	1.8125	0.546875
65	65	0	0	4/4	2	1	I					Eb	V	I	I	I							M	0	0	-2, 2, -1		-2	-2	0	28	0.0	0.0	4.0	0.0
66	66	0	0	4/4	2	1	V2					Eb	V	I	V2	V		2					Mm7	0	0	-3, -1, 3, 0		-1	-3	7	21	0.25	2.1875	1.8125	0.546875
67	67	0	0	4/4	2	1	I					Eb	V	I	I	I							M	0	0	-2, 2, -1		-2	-2	0	14	0.0	0.0	2.0	0.0
67	67	1/2	1/2	4/4	2	1	V2					Eb	V	I	V2	V		2					Mm7	0	0	-3, -1, 3, 0		-1	-3	2	12	0.14285714285714285	1.0	1.0	0.5
68	68	0	0	4/4	2	1	I					Eb	V	I	I	I							M	0	0	-2, 2, -1		-2	-2	0	14	0.0	0.0	2.0	0.0
68	68	1/2	1/2	4/4	2	1	V2					Eb	V	I	V2	V		2					Mm7	0	0	-3, -1, 3, 0		-1	-3	2	12	0.14285714285714285	1.0	1.0	0.5
69	69	0	0	4/4	2	1	I\\					Eb	V	I	I	I						\\	M	0	0	-2, 2, -1		-2	-2	0	4	0.0	0.0	1.0	0.0
69	69	1/4	1/4	4/4	2	1	I]					Eb	V	I	I	I							M	0	0	-2, 2, -1		-2	-2	2	6	0.25	0.125	0.625	0.16666666666666666
69	69	1/2	1/2	4/4	2	1	V					Eb	V		V	V							M	0	0	-1, 3, 0		-1	-1	0	6	0.0	0.0	0.75	0.0
69	69	3/4	3/4	4/4	2	1	ii					Eb	V		ii	ii							m	0	0	0, -3, 1		0	0	2	6	0.25	0.125	0.625	0.16666666666666666
70	70	0	0	4/4	2	1	vi					Eb	V		vi	vi							m	0	0	1, -2, 2		1	1	0	6	0.0	0.0	0.75	0.0
70	70	1/4	1/4	4/4	2	1	IV					Eb	V		IV	IV							M	0	0	-3, 1, -2		-3	-3	2	6	0.25	0.125	0.625	0.16666666666666666
70	70	1/2	1/2	4/4	2	1	I					Eb	V		I	I							M	0	0	-2, 2, -1		-2	-2	0	4	0.0	0.0	0.4375	0.0
70	70	3/4	3/4	4/4	2	1	V7					Eb	V		V7	V		7					Mm7	0	0	-1, 3, 0, -3		-1	-1	1	6	0.14285714285714285	0.0625	0.9375	0.0625
71	71	0	0	4/4	2	1	I[I\\					Eb	V	I	I	I						\\	M	0	0	-2, 2, -1		-2	-2	0	6	0.0	0.0	1.125	0.0
71	71	1/4	1/4	4/4	2	1	IV					Eb	V	I	IV	IV							M	0	0	-3, 1, -2		-3	-3	2	6	0.25	0.125	0.625	0.16666666666666666
71	71	1/2	1/2	4/4	2	1	I					Eb	V	I	I	I							M	0	0	-2, 2, -1		-2	-2	0	7	0.0	0.0	1.25	0.0
71	71	3/4	3/4	4/4	2	1	V43					Eb	V	I	V43	V		43					Mm7	0	0	0, -3, -1, 3		-1	0	2	6	0.25	0.125	0.625	0.16666666666666666
72	72	0	0	4/4	2	1	I					Eb	V	I	I	I							M	0	0	-2, 2, -1		-2	-2	0	7	0.0	0.0	1.25	0.0
72	72	1/4	1/4	4/4	2	1	IV					Eb	V	I	IV	IV							M	0	0	-3, 1, -2		-3	-3	2	6	0.25	0.125	0.625	0.16666666666666666
72	72	1/2	1/2	4/4	2	1	I					Eb	V	I	I	I							M	0	0	-2, 2, -1		-2	-2	0	7	0.0	0.0	1.25	0.0
72	72	3/4	3/4	4/4	2	1	V43					Eb	V	I	V43	V		43					Mm7	0	0	0, -3, -1, 3		-1	0	2	6	0.25	0.125	0.625	0.16666666666666666
73	73	0	0	4/4	2	1	I					Eb	V	I	I	I							M	0	0	-2, 2, -1		-2	-2	0	6	0.0	0.0	1.125	0.0
73	73	1/4	1/4	4/4	2	1	V43					Eb	V	I	V43	V		43					Mm7	0	0	0, -3, -1, 3		-1	0	2	6	0.25	0.125	0.625	0.16666666666666666
73	73	1/2	1/2	4/4	2	1	I					Eb	V	I	I	I							M	0	0	-2, 2, -1		-2	-2	0	6	0.0	0.0	1.125	0.0
73	73	3/4	3/4	4/4	2	1	V43					Eb	V	I	V43	V		43					Mm7	0	0	0, -3, -1, 3		-1	0	2	6	0.25	0.125	0.625	0.16666666666666666
74	74	0	0	4/4	2	1	I]					Eb	V	I	I	I							M	0	0	-2, 2, -1		-2	-2	0	3	0.0	0.0	0.375	0.0
74	74	1/4	1/4	4/4	2	1	V					Eb	V		V	V							M	0	0	-1, 3, 0		-1	-1	4	4	0.5	0.25	0.25	0.5
74	74	1/2	1/2	4/4	2	1	I					Eb	V		I	I							M	0	0	-2, 2, -1		-2	-2	0	4	0.0	0.0	0.5	0.0
74	74	3/4	3/4	4/4	2	1	V					Eb	V		V	V							M	0	0	-1, 3, 0		-1	-1	4	4	0.5	0.25	0.25	0.5
75	75	0	0	4/4	2	1	I\\					Eb	V		I	I						\\	M	0	0	-2, 2, -1		-2	-2	0	10	0.0	0.0	2.25	0.0
76	76	0	0	4/4	2	1	I[I					Eb	V	I	I	I							M	0	0	-2, 2, -1		-2	-2	10	28	0.2631578947368421	0.6875	3.9375	0.14864864864864866
78	78	1/8	1/8	4/4	2	1	IV					Eb	V	I	IV	IV							M	0	0	-3, 1, -2		-3	-3	4	15	0.21052631578947367	0.25	2.0	0.1111111111111111
79	79	1/8	1/8	4/4	2	1	I]					Eb	V	I	I	I							M	0	0	-2, 2, -1		-2	-2	5	15	0.25	0.375	1.875	0.16666666666666666
80	80	1/8	1/8	4/4	2	1	vi.#viio65					Eb	vi		#viio65	#vii	o	65					o7	0	1	2, -1, -4, 5		5	2	0	8	0.0	0.0	1.125	0.0
80	80	1/2	1/2	4/4	2	1	#viio6					Eb	vi		#viio6	#vii	o	6					o	0	1	2, -1, 5		5	2	4	7	0.36363636363636365	0.25	0.875	0.2222222222222222
81	81	1/8	1/8	4/4	2	1	i6					Eb	vi		i6	i		6					m	0	1	-3, 1, 0		0	-3	2	6	0.25	0.25	0.875	0.2222222222222222
81	81	1/2	1/2	4/4	2	1	i					Eb	vi		i	i							m	0	1	0, -3, 1		0	0	4	7	0.36363636363636365	0.25	0.875	0.2222222222222222
82	82	1/8	1/8	4/4	2	1	ii%65					Eb	vi		ii%65	ii	%	65					%7	0	1	-1, -4, 0, 2		2	-1	0	8	0.0	0.0	1.125	0.0
82	82	1/2	1/2	4/4	2	1	iio6					Eb	vi		iio6	ii	o	6					o	0	1	-1, -4, 2		2	-1	3	9	0.25	0.125	1.0	0.1111111111111111
83	83	1/8	1/8	4/4	2	1	#viio65/iv					Eb	vi		#viio65/iv	#vii	o	65		iv			o7	0	1	1, -2, -5, 4		4	1	0	8	0.0	0.0	1.125	0.0
83	83	1/2	1/2	4/4	2	1	#viio6/iv					Eb	vi		#viio6/iv	#vii	o	6		iv			o	0	1	1, -2, 4		4	1	4	7	0.36363636363636365	0.25	0.875	0.2222222222222222
84	84	1/8	1/8	4/4	2	1	iv6					Eb	vi		iv6	iv		6					m	0	1	-4, 0, -1		-1	-4	2	16	0.1111111111111111	0.125	2.0	0.058823529411764705
85	85	0	0	4/4	2	1	V[i6					Eb	vi	V	i6	i		6					m	0	1	-3, 1, 0		0	-3	2	4	0.3333333333333333	0.0625	0.4375	0.125
85	85	1/4	1/4	4/4	2	1	V7					Eb	vi	V	V7	V		7					Mm7	0	1	1, 5, 2, -1		1	1	1	5	0.16666666666666666	0.0625	0.4375	0.125
85	85	1/2	1/2	4/4	2	1	i					Eb	vi	V	i	i							m	0	1	0, -3, 1		0	0	2	4	0.3333333333333333	0.0625	0.4375	0.125
85	85	3/4	3/4	4/4	2	1	V7]					Eb	vi	V	V7	V		7					Mm7	0	1	1, 5, 2, -1		1	1	2	4	0.3333333333333333	0.0625	0.4375	0.125
86	86	0	0	4/4	2	1	i\\					Eb	vi		i	i						\\	m	0	1	0, -3, 1		0	0	0	3	0.0	0.0	0.75	0.0
86	86	1/4	1/4	4/4	2	1	i					Eb	vi		i	i							m	0	1	0, -3, 1		0	0	12	12	0.5	0.75	0.75	0.5
87	87	0	0	4/4	2	1	V					Eb	vi		V	V							M	0	1	1, 5, 2		1	1	0	2	0.0	0.0	0.5	0.0
87	87	1/4	1/4	4/4	2	1	V(64)					Eb	vi		V(64)	V			64				M	0	1	1, 0, -3		1	1	0	12	0.0	0.0	2.5	0.0
87	87	3/4	3/4	4/4	2	1	V7					Eb	vi		V7	V		7					Mm7	0	1	1, 5, 2, -1		1	1	0	8	0.0	0.0	1.25	0.0
88	88	0	0	4/4	2	1	i\\					Eb	vi		i	i						\\	m	0	1	0, -3, 1		0	0	0	5	0.0	0.0	1.25	0.0
88	88	1/4	1/4	4/4	2	1	i					Eb	vi		i	i							m	0	1	0, -3, 1		0	0	8	8	0.5	0.5	0.5	0.5
88	88	3/4	3/4	4/4	2	1	iii.#viio					Eb	iii		#viio	#vii	o						o	0	1	6, 3, 0		6	6	4	6	0.4	0.25	0.75	0.25
89	89	1/4	1/4	4/4	2	1	VII.V(64)					Eb	VII		V(64)	V			64				M	0	0	3, 2, 6		3	3	0	12	0.0	0.0	2.5	0.0
89	89	3/4	3/4	4/4	2	1	V7					Eb	VII		V7	V		7					Mm7	0	0	3, 7, 4, 1		3	3	0	8	0.0	0.0	1.25	0.0
90	90	0	0	4/4	2	1	I\\					Eb	VII		I	I						\\	M	0	0	2, 6, 3		2	2	0	5	0.0	0.0	1.25	0.0
90	90	1/4	1/4	4/4	2	1	iii.V					Eb	iii		V	V							M	0	1	2, 6, 3		2	2	12	12	0.5	0.75	0.75	0.5
91	91	0	0	4/4	2	1	i					Eb	iii		i	i							m	0	1	1, -2, 2		1	1	0	2	0.0	0.0	0.5	0.0
91	91	1/4	1/4	4/4	2	1	V(64)					Eb	iii		V(64)	V			64				M	0	1	2, 1, -2		2	2	0	12	0.0	0.0	2.5	0.0
91	91	3/4	3/4	4/4	2	1	V7					Eb	iii		V7	V		7					Mm7	0	1	2, 6, 3, 0		2	2	0	8	0.0	0.0	1.25	0.0
92	92	0	0	4/4	2	1	i\\					Eb	iii		i	i						\\	m	0	1	1, -2, 2		1	1	0	4	0.0	0.0	0.5	0.0
92	92	1/4	1/4	4/4	2	1	I.V(64)					Eb	I		V(64)	V			64				M	0	0	-2, -3, 1		-2	-2	0	12	0.0	0.0	2.5	0.0
92	92	3/4	3/4	4/4	2	1	V7					Eb	I		V7	V		7					Mm7	0	0	-2, 2, -1, -4		-2	-2	0	8	0.0	0.0	1.25	0.0
93	93	0	0	4/4	2	1	I\\					Eb	I		I	I						\\	M	0	0	-3, 1, -2		-3	-3	0	4	0.0	0.0	0.5	0.0
93	93	1/4	1/4	4/4	2	1	vi.V(64)					Eb	vi		V(64)	V			64				M	0	1	1, 0, -3		1	1	0	12	0.0	0.0	2.5	0.0
93	93	3/4	3/4	4/4	2	1	V7					Eb	vi		V7	V		7					Mm7	0	1	1, 5, 2, -1		1	1	0	8	0.0	0.0	1.25	0.0
94	94	0	0	4/4	2	1	i					Eb	vi		i	i							m	0	1	0, -3, 1		0	0	7	12	0.3684210526315789	0.4375	1.5	0.22580645161290322
94	94	7/8	7/8	4/4	2	1	iii.V65/V					Eb	iii		V65/V	V		65		V			Mm7	0	1	7, 4, 1, 3		3	7	0	4	0.0	0.0	0.375	0.0
95	95	0	0	4/4	2	1	V					Eb	iii		V	V							M	0	1	2, 6, 3		2	2	2	6	0.25	0.125	0.375	0.25
95	95	1/4	1/4	4/4	2	1	V2					Eb	iii		V2	V		2					Mm7	0	1	0, 2, 6, 3		2	0	0	4	0.0	0.0	0.25	0.0
95	95	3/8	3/8	4/4	2	1	i6					Eb	iii		i6	i		6					m	0	1	-2, 2, 1		1	-2	0	4	0.0	0.0	0.25	0.0
95	95	1/2	1/2	4/4	2	1	V64					Eb	iii		V64	V		64					M	0	1	3, 2, 6		2	3	0	4	0.0	0.0	0.25	0.0
95	95	5/8	5/8	4/4	2	1	i					Eb	iii		i	i							m	0	1	1, -2, 2		1	1	0	4	0.0	0.0	0.25	0.0
95	95	3/4	3/4	4/4	2	1	V65					Eb	iii		V65	V		65					Mm7	0	1	6, 3, 0, 2		2	6	0	4	0.0	0.0	0.25	0.0
95	95	7/8	7/8	4/4	2	1	viio6(+2)/V	0	-8	/		Eb	iii		viio6(+2)/V	vii	o	6	+2	V			o	0	1	4, 1, 7	2	7	4	0	4	0.0	0.0	0.25	0.0
96	96	0	0	4/4	2	1	V[V					Eb	iii	V	V	V							M	0	1	2, 6, 3		2	2	1	8	0.1111111111111111	0.0625	1.4375	0.041666666666666664
96	96	3/8	3/8	4/4	2	1	#vi%7					Eb	iii	V	#vi%7	#vi	%	7					%7	0	1	4, 1, -2, 2		4	4	1	2	0.3333333333333333	0.125	0.125	0.5
96	96	1/2	1/2	4/4	2	1	V6					Eb	iii	V	V6	V		6					M	0	1	6, 3, 2		2	6	0	3	0.0	0.0	0.25	0.0
96	96	5/8	5/8	4/4	2	1	i					Eb	iii	V	i	i							m	0	1	1, -2, 2		1	1	0	3	0.0	0.0	0.25	0.0
96	96	3/4	3/4	4/4	2	1	V7					Eb	iii	V	V7	V		7					Mm7	0	1	2, 6, 3, 0		2	2	0	3	0.0	0.0	0.25	0.0
96	96	7/8	7/8	4/4	2	1	V					Eb	iii	V	V	V							M	0	1	2, 6, 3		2	2	0	3	0.0	0.0	0.25	0.0
97	97	0	0	4/4	2	1	i					Eb	iii	V	i	i							m	0	1	1, -2, 2		1	1	0	10	0.0	0.0	1.25	0.0
97	97	3/8	3/8	4/4	2	1	i6					Eb	iii	V	i6	i		6					m	0	1	-2, 2, 1		1	-2	0	3	0.0	0.0	0.25	0.0
97	97	1/2	1/2	4/4	2	1	i6(#42)					Eb	iii	V	i6(#42)	i		6	#42				m	0	1	-2, 7, 3		1	-2	4	6	0.4	0.6875	0.5625	0.55
97	97	7/8	7/8	4/4	2	1	i6					Eb	iii	V	i6	i		6					m	0	1	-2, 2, 1		1	-2	0	3	0.0	0.0	0.25	0.0
98	98	0	0	4/4	2	1	V7					Eb	iii	V	V7	V		7					Mm7	0	1	2, 6, 3, 0		2	2	0	10	0.0	0.0	1.25	0.0
98	98	3/8	3/8	4/4	2	1	V					Eb	iii	V	V	V							M	0	1	2, 6, 3		2	2	0	3	0.0	0.0	0.25	0.0
98	98	1/2	1/2	4/4	2	1	i					Eb	iii	V	i	i							m	0	1	1, -2, 2		1	1	0	10	0.0	0.0	1.25	0.0
98	98	7/8	7/8	4/4	2	1	viio6/V					Eb	iii	V	viio6/V	vii	o	6		V			o	0	1	4, 1, 7		7	4	0	3	0.0	0.0	0.25	0.0
99	99	0	0	4/4	2	1	V]					Eb	iii	V	V	V							M	0	1	2, 6, 3		2	2	2	6	0.25	0.125	0.375	0.25
99	99	1/4	1/4	4/4	2	1	V2					Eb	iii		V2	V		2					Mm7	0	1	0, 2, 6, 3		2	0	0	4	0.0	0.0	0.25	0.0
99	99	3/8	3/8	4/4	2	1	i6					Eb	iii		i6	i		6					m	0	1	-2, 2, 1		1	-2	0	4	0.0	0.0	0.25	0.0
99	99	1/2	1/2	4/4	2	1	V64					Eb	iii		V64	V		64					M	0	1	3, 2, 6		2	3	0	4	0.0	0.0	0.25	0.0
99	99	5/8	5/8	4/4	2	1	i					Eb	iii		i	i							m	0	1	1, -2, 2		1	1	0	4	0.0	0.0	0.25	0.0
99	99	3/4	3/4	4/4	2	1	V65					Eb	iii		V65	V		65					Mm7	0	1	6, 3, 0, 2		2	6	0	4	0.0	0.0	0.25	0.0
99	99	7/8	7/8	4/4	2	1	viio6(+2)/V	0	-8	/		Eb	iii		viio6(+2)/V	vii	o	6	+2	V			o	0	1	4, 1, 7	2	7	4	0	4	0.0	0.0	0.25	0.0
100	100	0	0	4/4	2	1	V[V					Eb	iii	V	V	V							M	0	1	2, 6, 3		2	2	1	8	0.1111111111111111	0.0625	1.4375	0.041666666666666664
100	100	3/8	3/8	4/4	2	1	#vi%7					Eb	iii	V	#vi%7	#vi	%	7					%7	0	1	4, 1, -2, 2		4	4	0	3	0.0	0.0	0.25	0.0
100	100	1/2	1/2	4/4	2	1	V6					Eb	iii	V	V6	V		6					M	0	1	6, 3, 2		2	6	0	3	0.0	0.0	0.25	0.0
100	100	5/8	5/8	4/4	2	1	i					Eb	iii	V	i	i							m	0	1	1, -2, 2		1	1	0	3	0.0	0.0	0.25	0.0
100	100	3/4	3/4	4/4	2	1	V7					Eb	iii	V	V7	V		7					Mm7	0	1	2, 6, 3, 0		2	2	0	3	0.0	0.0	0.25	0.0
100	100	7/8	7/8	4/4	2	1	V]					Eb	iii	V	V	V							M	0	1	2, 6, 3		2	2	0	3	0.0	0.0	0.25	0.0
101	101	0	0	4/4	2	1	i[i					Eb	iii	i	i	i							m	0	1	1, -2, 2		1	1	2	6	0.25	0.125	0.375	0.25
101	101	1/4	1/4	4/4	2	1	I					Eb	iii	i	I	I							M	0	1	1, 5, 2		1	1	0	4	0.0	0.0	0.375	0.0
101	101	3/8	3/8	4/4	2	1	iio				#viio6	Eb	iii	i	iio	ii	o						o	0	1	3, 0, -3		3	3	2	2	0.5	0.125	0.25	0.3333333333333333
101	101	1/2	1/2	4/4	2	1	I					Eb	iii	i	I	I							M	0	1	1, 5, 2		1	1	0	4	0.0	0.0	0.375	0.0
101	101	5/8	5/8	4/4	2	1	iv					Eb	iii	i	iv	iv							m	0	1	0, -3, 1		0	0	0	4	0.0	0.0	0.375	0.0
101	101	3/4	3/4	4/4	2	1	V7/iv					Eb	iii	i	V7/iv	V		7		iv			Mm7	0	1	1, 5, 2, -1		1	1	0	4	0.0	0.0	0.375	0.0
101	101	7/8	7/8	4/4	2	1	V7/iv					Eb	iii	i	V7/iv	V		7		iv			Mm7	0	1	1, 5, 2, -1		1	1	0	4	0.0	0.0	0.375	0.0
102	102	0	0	4/4	2	1	iv					Eb	iii	i	iv	iv							m	0	1	0, -3, 1		0	0	1	5	0.16666666666666666	0.0625	0.6875	0.08333333333333333
102	102	1/4	1/4	4/4	2	1	iv6					Eb	iii	i	iv6	iv		6					m	0	1	-3, 1, 0		0	-3	0	4	0.0	0.0	0.375	0.0
102	102	3/8	3/8	4/4	2	1	iio6				#viio64	Eb	iii	i	iio6	ii	o	6					o	0	1	0, -3, 3		3	0	2	2	0.5	0.125	0.25	0.3333333333333333
102	102	1/2	1/2	4/4	2	1	#viio6					Eb	iii	i	#viio6	#vii	o	6					o	0	1	3, 0, 6		6	3	2	2	0.5	0.125	0.25	0.3333333333333333
102	102	5/8	5/8	4/4	2	1	i					Eb	iii	i	i	i							m	0	1	1, -2, 2		1	1	0	4	0.0	0.0	0.375	0.0
102	102	3/4	3/4	4/4	2	1	iio6				#viio64	Eb	iii	i	iio6	ii	o	6					o	0	1	0, -3, 3		3	0	2	2	0.5	0.125	0.25	0.3333333333333333
102	102	7/8	7/8	4/4	2	1	#viio6					Eb	iii	i	#viio6	#vii	o	6					o	0	1	3, 0, 6		6	3	2	2	0.5	0.125	0.25	0.3333333333333333
103	103	0	0	4/4	2	1	i]\\					Eb	iii	i	i	i						\\	m	0	1	1, -2, 2		1	1	6	8	0.42857142857142855	0.375	0.6875	0.35294117647058826
103	103	3/4	3/4	4/4	2	1	i6					Eb	iii		i6	i		6					m	0	1	-2, 2, 1		1	-2	0	5	0.0	0.0	0.5	0.0
104	104	0	0	4/4	2	1	iv					Eb	iii		iv	iv							m	0	1	0, -3, 1		0	0	8	8	0.5	0.5	0.5	0.5
104	104	1/2	1/2	4/4	2	1	iio					Eb	iii		iio	ii	o						o	0	1	3, 0, -3		3	3	8	8	0.5	0.5	0.5	0.5
105	105	0	0	4/4	2	1	#viio7					Eb	iii		#viio7	#vii	o	7					o7	0	1	6, 3, 0, -3		6	6	3	14	0.17647058823529413	0.1875	1.8125	0.09375
106	106	0	0	4/4	2	1	i					Eb	iii		i	i							m	0	1	1, -2, 2		1	1	8	8	0.5	0.5	0.5	0.5
106	106	1/2	1/2	4/4	2	1	VI					Eb	iii		VI	VI							M	0	1	-3, 1, -2		-3	-3	8	8	0.5	0.5	0.5	0.5
107	107	0	0	4/4	2	1	iv					Eb	iii		iv	iv							m	0	1	0, -3, 1		0	0	8	8	0.5	0.5	0.5	0.5
107	107	1/2	1/2	4/4	2	1	iio					Eb	iii		iio	ii	o						o	0	1	3, 0, -3		3	3	8	8	0.5	0.5	0.5	0.5
108	108	0	0	4/4	2	1	#viio7					Eb	iii		#viio7	#vii	o	7					o7	0	1	6, 3, 0, -3		6	6	8	27	0.22857142857142856	0.5	4.5	0.1
110	110	0	0	4/4	2	1	i					Eb	iii		i	i							m	0	1	1, -2, 2		1	1	0	4	0.0	0.0	0.375	0.0
110	110	1/8	1/8	4/4	2	1	#viio6					Eb	iii		#viio6	#vii	o	6					o	0	1	3, 0, 6		6	3	0	4	0.0	0.0	0.375	0.0
110	110	1/4	1/4	4/4	2	1	i6					Eb	iii		i6	i		6					m	0	1	-2, 2, 1		1	-2	0	4	0.0	0.0	0.375	0.0
110	110	3/8	3/8	4/4	2	1	#viio/iv					Eb	iii		#viio/iv	#vii	o			iv			o	0	1	5, 2, -1		5	5	0	4	0.0	0.0	0.375	0.0
110	110	1/2	1/2	4/4	2	1	iv					Eb	iii		iv	iv							m	0	1	0, -3, 1		0	0	0	4	0.0	0.0	0.375	0.0
110	110	5/8	5/8	4/4	2	1	#viio6/iv					Eb	iii		#viio6/iv	#vii	o	6		iv			o	0	1	2, -1, 5		5	2	0	4	0.0	0.0	0.375	0.0
110	110	3/4	3/4	4/4	2	1	iv6					Eb	iii		iv6	iv		6					m	0	1	-3, 1, 0		0	-3	0	4	0.0	0.0	0.375	0.0
110	110	7/8	7/8	4/4	2	1	iio6					Eb	iii		iio6	ii	o	6					o	0	1	0, -3, 3		3	0	0	4	0.0	0.0	0.375	0.0
111	111	0	0	4/4	2	1	viio7/V					Eb	iii		viio7/V	vii	o	7		V			o7	0	1	7, 4, 1, -2		7	7	2	25	0.07407407407407407	0.125	4.125	0.029411764705882353
113	113	0	0	4/4	2	1	V(64)					Eb	iii		V(64)	V			64				M	0	1	2, 1, -2		2	2	0	8	0.0	0.0	3.0	0.0
113	113	3/4	3/4	4/4	2	1	V7					Eb	iii		V7	V		7					Mm7	0	1	2, 6, 3, 0		2	2	0	3	0.0	0.0	0.75	0.0
114	114	0	0	4/4	2	1	i[i\\					Eb	iii	i	i	i						\\	m	0	1	1, -2, 2		1	1	0	6	0.0	0.0	1.25	0.0
114	114	1/4	1/4	4/4	2	1	iv					Eb	iii	i	iv	iv							m	0	1	0, -3, 1		0	0	2	6	0.25	0.125	0.625	0.16666666666666666
114	114	1/2	1/2	4/4	2	1	i					Eb	iii	i	i	i							m	0	1	1, -2, 2		1	1	0	7	0.0	0.0	1.25	0.0
114	114	3/4	3/4	4/4	2	1	V43					Eb	iii	i	V43	V		43					Mm7	0	1	3, 0, 2, 6		2	3	2	6	0.25	0.125	0.625	0.16666666666666666
115	115	0	0	4/4	2	1	i					Eb	iii	i	i	i							m	0	1	1, -2, 2		1	1	0	7	0.0	0.0	1.25	0.0
115	115	1/4	1/4	4/4	2	1	iv					Eb	iii	i	iv	iv							m	0	1	0, -3, 1		0	0	2	6	0.25	0.125	0.625	0.16666666666666666
115	115	1/2	1/2	4/4	2	1	i					Eb	iii	i	i	i							m	0	1	1, -2, 2		1	1	0	7	0.0	0.0	1.25	0.0
115	115	3/4	3/4	4/4	2	1	V43					Eb	iii	i	V43	V		43					Mm7	0	1	3, 0, 2, 6		2	3	2	6	0.25	0.125	0.625	0.16666666666666666
116	116	0	0	4/4	2	1	i					Eb	iii	i	i	i							m	0	1	1, -2, 2		1	1	0	6	0.0	0.0	1.125	0.0
116	116	1/4	1/4	4/4	2	1	V43					Eb	iii	i	V43	V		43					Mm7	0	1	3, 0, 2, 6		2	3	2	6	0.25	0.125	0.625	0.16666666666666666
116	116	1/2	1/2	4/4	2	1	i					Eb	iii	i	i	i							m	0	1	1, -2, 2		1	1	0	6	0.0	0.0	1.125	0.0
116	116	3/4	3/4	4/4	2	1	V43					Eb	iii	i	V43	V		43					Mm7	0	1	3, 0, 2, 6		2	3	2	6	0.25	0.125	0.625	0.16666666666666666
117	117	0	0	4/4	2	1	i]					Eb	iii	i	i	i							m	0	1	1, -2, 2		1	1	0	3	0.0	0.0	0.375	0.0
117	117	1/4	1/4	4/4	2	1	V					Eb	iii		V	V							M	0	1	2, 6, 3		2	2	4	4	0.5	0.25	0.25	0.5
117	117	1/2	1/2	4/4	2	1	i					Eb	iii		i	i							m	0	1	1, -2, 2		1	1	0	2	0.0	0.0	0.25	0.0
117	117	3/4	3/4	4/4	2	1	vi.V7					Eb	vi		V7	V		7					Mm7	0	1	1, 5, 2, -1		1	1	2	5	0.2857142857142857	0.125	0.875	0.125
118	118	0	0	4/4	2	1	i					Eb	vi		i	i							m	0	1	0, -3, 1		0	0	0	4	0.0	0.0	0.5	0.0
118	118	1/4	1/4	4/4	2	1	II.V					Eb	II		V	V							M	0	0	0, 4, 1		0	0	4	4	0.5	0.25	0.25	0.5
118	118	1/2	1/2	4/4	2	1	I					Eb	II		I	I							M	0	0	-1, 3, 0		-1	-1	0	2	0.0	0.0	0.25	0.0
118	118	3/4	3/4	4/4	2	1	V.V7					Eb	V		V7	V		7					Mm7	0	0	-1, 3, 0, -3		-1	-1	2	5	0.2857142857142857	0.125	0.875	0.125
119	119	0	0	4/4	2	1	I					Eb	V		I	I							M	0	0	-2, 2, -1		-2	-2	0	4	0.0	0.0	0.5	0.0
119	119	1/4	1/4	4/4	2	1	IV					Eb	V		IV	IV							M	0	0	-3, 1, -2		-3	-3	2	6	0.25	0.125	0.625	0.16666666666666666
119	119	1/2	1/2	4/4	2	1	I6					Eb	V		I6	I		6					M	0	0	2, -1, -2		-2	2	0	6	0.0	0.0	0.75	0.0
119	119	3/4	3/4	4/4	2	1	V43					Eb	V		V43	V		43					Mm7	0	0	0, -3, -1, 3		-1	0	2	6	0.25	0.125	0.625	0.16666666666666666
120	120	0	0	4/4	2	1	I[I					Eb	V	I	I	I							M	0	0	-2, 2, -1		-2	-2	0	7	0.0	0.0	1.25	0.0
120	120	1/4	1/4	4/4	2	1	IV					Eb	V	I	IV	IV							M	0	0	-3, 1, -2		-3	-3	2	6	0.25	0.125	0.625	0.16666666666666666
120	120	1/2	1/2	4/4	2	1	I					Eb	V	I	I	I							M	0	0	-2, 2, -1		-2	-2	0	7	0.0	0.0	1.25	0.0
120	120	3/4	3/4	4/4	2	1	V43					Eb	V	I	V43	V		43					Mm7	0	0	0, -3, -1, 3		-1	0	2	6	0.25	0.125	0.625	0.16666666666666666
121	121	0	0	4/4	2	1	I]					Eb	V	I	I	I							M	0	0	-2, 2, -1		-2	-2	0	3	0.0	0.0	0.375	0.0
121	121	1/4	1/4	4/4	2	1	V					Eb	V		V	V							M	0	0	-1, 3, 0		-1	-1	4	4	0.5	0.25	0.25	0.5
121	121	1/2	1/2	4/4	2	1	I					Eb	V		I	I							M	0	0	-2, 2, -1		-2	-2	0	2	0.0	0.0	0.25	0.0
121	121	3/4	3/4	4/4	2	1	I.V					Eb	I		V	V							M	0	0	-2, 2, -1		-2	-2	4	4	0.5	0.25	0.25	0.5
122	122	0	0	4/4	2	1	I					Eb	I		I	I							M	0	0	-3, 1, -2		-3	-3	0	2	0.0	0.0	0.25	0.0
122	122	1/4	1/4	4/4	2	1	IV					Eb	I		IV	IV							M	0	0	-4, 0, -3		-4	-4	2	6	0.25	0.125	0.625	0.16666666666666666
122	122	1/2	1/2	4/4	2	1	I6					Eb	I		I6	I		6					M	0	0	1, -2, -3		-3	1	0	6	0.0	0.0	0.75	0.0
122	122	3/4	3/4	4/4	2	1	V43					Eb	I		V43	V		43					Mm7	0	0	-1, -4, -2, 2		-2	-1	2	6	0.25	0.125	0.625	0.16666666666666666
123	123	0	0	4/4	2	1	I[I					Eb	I	I	I	I							M	0	0	-3, 1, -2		-3	-3	0	7	0.0	0.0	1.25	0.0
123	123	1/4	1/4	4/4	2	1	IV					Eb	I	I	IV	IV							M	0	0	-4, 0, -3		-4	-4	2	6	0.25	0.125	0.625	0.16666666666666666
123	123	1/2	1/2	4/4	2	1	I					Eb	I	I	I	I							M	0	0	-3, 1, -2		-3	-3	0	7	0.0	0.0	1.25	0.0
123	123	3/4	3/4	4/4	2	1	V43					Eb	I	I	V43	V		43					Mm7	0	0	-1, -4, -2, 2		-2	-1	2	6	0.25	0.125	0.625	0.16666666666666666
124	124	0	0	4/4	2	1	I]					Eb	I	I	I	I							M	0	0	-3, 1, -2		-3	-3	0	6	0.0	0.0	0.75	0.0
124	124	1/4	1/4	4/4	2	1	V6					Eb	I		V6	V		6					M	0	0	2, -1, -2		-2	2	0	8	0.0	0.0	1.0	0.0
124	124	1/2	1/2	4/4	2	1	vi					Eb	I		vi	vi							m	0	0	0, -3, 1		0	0	0	8	0.0	0.0	1.0	0.0
124	124	3/4	3/4	4/4	2	1	V7/V					Eb	I		V7/V	V		7		V			Mm7	0	0	-1, 3, 0, -3		-1	-1	0	8	0.0	0.0	1.0	0.0
125	125	0	0	4/4	2	1	V[V\\					Eb	I	V	V	V						\\	M	0	0	-2, 2, -1		-2	-2	1	4	0.2	0.125	1.75	0.06666666666666667
125	125	1/2	1/2	4/4	2	1	V2/ii					Eb	I	V	V2/ii	V		2		ii			Mm7	0	0	-2, 0, 4, 1		0	-2	1	4	0.2	0.125	0.5	0.2
126	126	0	0	4/4	2	1	ii				V7	Eb	I	V	ii	ii							m	0	0	-1, -4, 0		-1	-1	3	2	0.6	0.75	0.25	0.75
126	126	1/4	1/4	4/4	2	1	V7					Eb	I	V	V7	V		7					Mm7	0	0	-2, 2, -1, -4		-2	-2	0	3	0.0	0.0	0.5	0.0
126	126	1/2	1/2	4/4	2	1	I6					Eb	I	V	I6	I		6					M	0	0	1, -2, -3		-3	1	2	3	0.4	0.25	0.75	0.25
126	126	3/4	3/4	4/4	2	1	vii%43/V					Eb	I	V	vii%43/V	vii	%	43		V			%7	0	0	-3, 1, 3, 0		3	-3	0	3	0.0	0.0	0.5	0.0
127	127	0	0	4/4	2	1	V					Eb	I	V	V	V							M	0	0	-2, 2, -1		-2	-2	2	3	0.4	0.25	1.0	0.2
127	127	3/8	3/8	4/4	2	1	V7					Eb	I	V	V7	V		7					Mm7	0	0	-2, 2, -1, -4		-2	-2	0	2	0.0	0.0	0.25	0.0
127	127	1/2	1/2	4/4	2	1	I6					Eb	I	V	I6	I		6					M	0	0	1, -2, -3		-3	1	2	3	0.4	0.25	0.75	0.25
127	127	3/4	3/4	4/4	2	1	vii%43/V	0	-8	/		Eb	I	V	vii%43/V	vii	%	43		V			%7	0	0	-3, 1, 3, 0		3	-3	0	3	0.0	0.0	0.5	0.0
128	128	0	0	4/4	2	1	V					Eb	I	V	V	V							M	0	0	-2, 2, -1		-2	-2	2	3	0.4	0.25	1.0	0.2
128	128	3/8	3/8	4/4	2	1	V7					Eb	I	V	V7	V		7					Mm7	0	0	-2, 2, -1, -4		-2	-2	0	2	0.0	0.0	0.25	0.0
128	128	1/2	1/2	4/4	2	1	I6					Eb	I	V	I6	I		6					M	0	0	1, -2, -3		-3	1	2	3	0.4	0.25	0.75	0.25
128	128	3/4	3/4	4/4	2	1	vii%43/V	0	-8	/		Eb	I	V	vii%43/V	vii	%	43		V			%7	0	0	-3, 1, 3, 0		3	-3	0	3	0.0	0.0	0.5	0.0
129	129	0	0	4/4	2	1	V]\\					Eb	I	V	V	V						\\	M	0	0	-2, 2, -1		-2	-2	0	3	0.0	0.0	1.375	0.0
129	129	3/8	3/8	4/4	2	1	vii%65					Eb	I		vii%65	vii	%	65					%7	0	0	-1, -4, 0, 2		2	-1	1	4	0.2	0.125	0.5	0.2
130	130	0	0	4/4	2	1	I[I					Eb	I	I	I	I							M	0	0	-3, 1, -2		-3	-3	10	28	0.2631578947368421	0.6875	3.9375	0.14864864864864866
132	132	1/8	1/8	4/4	2	1	IV					Eb	I	I	IV	IV							M	0	0	-4, 0, -3		-4	-4	4	15	0.21052631578947367	0.25	2.0	0.1111111111111111
133	133	1/8	1/8	4/4	2	1	I]					Eb	I	I	I	I							M	0	0	-3, 1, -2		-3	-3	4	16	0.2	0.25	2.0	0.1111111111111111
134	134	1/8	1/8	4/4	2	1	ii6					Eb	I		ii6	ii		6					m	0	0	-4, 0, -1		-1	-4	2	6	0.25	0.25	0.875	0.2222222222222222
134	134	1/2	1/2	4/4	2	1	ii					Eb	I		ii	ii							m	0	0	-1, -4, 0		-1	-1	3	8	0.2727272727272727	0.25	0.875	0.2222222222222222
135	135	1/8	1/8	4/4	2	1	viio6					Eb	I		viio6	vii	o	6					o	0	0	-1, -4, 2		2	-1	3	6	0.3333333333333333	0.3125	0.8125	0.2777777777777778
135	135	1/2	1/2	4/4	2	1	V6					Eb	I		V6	V		6					M	0	0	2, -1, -2		-2	2	5	6	0.45454545454545453	0.375	0.75	0.3333333333333333
136	136	1/8	1/8	4/4	2	1	I					Eb	I		I	I							M	0	0	-3, 1, -2		-3	-3	2	6	0.25	0.25	0.875	0.2222222222222222
136	136	1/2	1/2	4/4	2	1	I6					Eb	I		I6	I		6					M	0	0	1, -2, -3		-3	1	3	7	0.3	0.1875	0.8125	0.1875
137	137	0	0	4/4	2	1	IV				ii6	Eb	I		IV	IV							M	0	0	-4, 0, -3		-4	-4	3	5	0.375	0.1875	0.9375	0.16666666666666666
137	137	3/8	3/8	4/4	2	1	I6					Eb	I		I6	I		6					M	0	0	1, -2, -3		-3	1	1	3	0.25	0.0625	0.3125	0.16666666666666666
137	137	1/2	1/2	4/4	2	1	ii				viio6	Eb	I		ii	ii							m	0	0	-1, -4, 0		-1	-1	3	5	0.375	0.1875	0.9375	0.16666666666666666
137	137	7/8	7/8	4/4	2	1	I					Eb	I		I	I							M	0	0	-3, 1, -2		-3	-3	1	3	0.25	0.0625	0.3125	0.16666666666666666
138	138	0	0	4/4	2	1	viio					Eb	I		viio	vii	o						o	0	0	2, -1, -4		2	2	3	5	0.375	0.1875	0.8125	0.1875
138	138	1/2	1/2	4/4	2	1	viio6					Eb	I		viio6	vii	o	6					o	0	0	-1, -4, 2		2	-1	4	6	0.4	0.25	1.25	0.16666666666666666
139	139	0	0	4/4	2	1	iii				I6	Eb	I		iii	iii							m	0	0	1, -2, 2		1	1	3	5	0.375	0.1875	0.9375	0.16666666666666666
139	139	3/8	3/8	4/4	2	1	ii				viio6	Eb	I		ii	ii							m	0	0	-1, -4, 0		-1	-1	1	3	0.25	0.0625	0.3125	0.16666666666666666
139	139	1/2	1/2	4/4	2	1	I					Eb	I		I	I							M	0	0	-3, 1, -2		-3	-3	3	5	0.375	0.1875	0.9375	0.16666666666666666
139	139	7/8	7/8	4/4	2	1	viio					Eb	I		viio	vii	o						o	0	0	2, -1, -4		2	2	1	3	0.25	0.0625	0.3125	0.16666666666666666
140	140	0	0	4/4	2	1	vi					Eb	I		vi	vi							m	0	0	0, -3, 1		0	0	3	6	0.3333333333333333	0.1875	0.9375	0.16666666666666666
140	140	1/2	1/2	4/4	2	1	vi6					Eb	I		vi6	vi		6					m	0	0	-3, 1, 0		0	-3	4	6	0.4	0.25	1.25	0.16666666666666666
141	141	0	0	4/4	2	1	ii				viio6	Eb	I		ii	ii							m	0	0	-1, -4, 0		-1	-1	3	5	0.375	0.1875	0.9375	0.16666666666666666
141	141	3/8	3/8	4/4	2	1	I					Eb	I		I	I							M	0	0	-3, 1, -2		-3	-3	1	3	0.25	0.0625	0.3125	0.16666666666666666
141	141	1/2	1/2	4/4	2	1	viio					Eb	I		viio	vii	o						o	0	0	2, -1, -4		2	2	3	5	0.375	0.1875	0.9375	0.16666666666666666
141	141	7/8	7/8	4/4	2	1	vi					Eb	I		vi	vi							m	0	0	0, -3, 1		0	0	1	3	0.25	0.0625	0.3125	0.16666666666666666
142	142	0	0	4/4	2	1	V					Eb	I		V	V							M	0	0	-2, 2, -1		-2	-2	3	6	0.3333333333333333	0.1875	0.9375	0.16666666666666666
142	142	1/2	1/2	4/4	2	1	V6					Eb	I		V6	V		6					M	0	0	2, -1, -2		-2	2	4	6	0.4	0.25	1.25	0.16666666666666666
143	143	0	0	4/4	2	1	I					Eb	I		I	I							M	0	0	-3, 1, -2		-3	-3	8	8	0.5	0.5	0.5	0.5
143	143	1/2	1/2	4/4	2	1	vi					Eb	I		vi	vi							m	0	0	0, -3, 1		0	0	8	8	0.5	0.5	0.5	0.5
144	144	0	0	4/4	2	1	IV					Eb	I		IV	IV							M	0	0	-4, 0, -3		-4	-4	2	4	0.3333333333333333	0.125	0.625	0.16666666666666666
144	144	3/8	3/8	4/4	2	1	V65/V					Eb	I		V65/V	V		65		V			Mm7	0	0	3, 0, -3, -1		-1	3	0	4	0.0	0.0	0.375	0.0
144	144	1/2	1/2	4/4	2	1	V					Eb	I		V	V							M	0	0	-2, 2, -1		-2	-2	2	5	0.2857142857142857	0.125	1.0	0.1111111111111111
144	144	7/8	7/8	4/4	2	1	V65/vi	-2	-5	/		Eb	I		V65/vi	V		65		vi			Mm7	0	0	5, 2, -1, 1		1	5	0	4	0.0	0.0	0.375	0.0
145	145	0	0	4/4	2	1	vi					Eb	I		vi	vi							m	0	0	0, -3, 1		0	0	3	6	0.3333333333333333	0.1875	1.3125	0.125
145	145	1/2	1/2	4/4	2	1	viio6/V					Eb	I		viio6/V	vii	o	6		V			o	0	0	0, -3, 3		3	0	4	7	0.36363636363636365	0.25	1.75	0.125
146	146	0	0	4/4	2	1	V					Eb	I		V	V							M	0	0	-2, 2, -1		-2	-2	2	6	0.25	0.125	0.375	0.25
146	146	1/4	1/4	4/4	2	1	V2					Eb	I		V2	V		2					Mm7	0	0	-4, -2, 2, -1		-2	-4	0	4	0.0	0.0	0.25	0.0
146	146	3/8	3/8	4/4	2	1	I6					Eb	I		I6	I		6					M	0	0	1, -2, -3		-3	1	0	4	0.0	0.0	0.25	0.0
146	146	1/2	1/2	4/4	2	1	V64					Eb	I		V64	V		64					M	0	0	-1, -2, 2		-2	-1	0	4	0.0	0.0	0.25	0.0
146	146	5/8	5/8	4/4	2	1	I					Eb	I		I	I							M	0	0	-3, 1, -2		-3	-3	0	4	0.0	0.0	0.25	0.0
146	146	3/4	3/4	4/4	2	1	V65					Eb	I		V65	V		65					Mm7	0	0	2, -1, -4, -2		-2	2	0	4	0.0	0.0	0.25	0.0
146	146	7/8	7/8	4/4	2	1	viio6(+2)/V	0	-8	/		Eb	I		viio6(+2)/V	vii	o	6	+2	V			o	0	0	0, -3, 3	-2	3	0	0	4	0.0	0.0	0.25	0.0
147	147	0	0	4/4	2	1	V[V					Eb	I	V	V	V							M	0	0	-2, 2, -1		-2	-2	1	8	0.1111111111111111	0.0625	1.4375	0.041666666666666664
147	147	3/8	3/8	4/4	2	1	vi7					Eb	I	V	vi7	vi		7					mm7	0	0	0, -3, 1, -2		0	0	0	3	0.0	0.0	0.25	0.0
147	147	1/2	1/2	4/4	2	1	V					Eb	I	V	V	V							M	0	0	-2, 2, -1		-2	-2	0	3	0.0	0.0	0.25	0.0
147	147	5/8	5/8	4/4	2	1	i					Eb	I	V	i	i							m	0	0	-3, -6, -2		-3	-3	0	3	0.0	0.0	0.25	0.0
147	147	3/4	3/4	4/4	2	1	V7					Eb	I	V	V7	V		7					Mm7	0	0	-2, 2, -1, -4		-2	-2	0	3	0.0	0.0	0.25	0.0
147	147	7/8	7/8	4/4	2	1	V					Eb	I	V	V	V							M	0	0	-2, 2, -1		-2	-2	0	3	0.0	0.0	0.25	0.0
148	148	0	0	4/4	2	1	i					Eb	I	V	i	i							m	0	0	-3, -6, -2		-3	-3	0	10	0.0	0.0	1.25	0.0
148	148	3/8	3/8	4/4	2	1	i6					Eb	I	V	i6	i		6					m	0	0	-6, -2, -3		-3	-6	0	3	0.0	0.0	0.25	0.0
148	148	1/2	1/2	4/4	2	1	i6(#42)					Eb	I	V	i6(#42)	i		6	#42				m	0	0	-6, 3, -1		-3	-6	4	6	0.4	0.6875	0.5625	0.55
148	148	7/8	7/8	4/4	2	1	i6					Eb	I	V	i6	i		6					m	0	0	-6, -2, -3		-3	-6	0	3	0.0	0.0	0.25	0.0
149	149	0	0	4/4	2	1	V7					Eb	I	V	V7	V		7					Mm7	0	0	-2, 2, -1, -4		-2	-2	0	10	0.0	0.0	1.25	0.0
149	149	3/8	3/8	4/4	2	1	V					Eb	I	V	V	V							M	0	0	-2, 2, -1		-2	-2	0	3	0.0	0.0	0.25	0.0
149	149	1/2	1/2	4/4	2	1	i					Eb	I	V	i	i							m	0	0	-3, -6, -2		-3	-3	0	10	0.0	0.0	1.25	0.0
149	149	7/8	7/8	4/4	2	1	viio6/V					Eb	I	V	viio6/V	vii	o	6		V			o	0	0	0, -3, 3		3	0	0	3	0.0	0.0	0.25	0.0
150	150	0	0	4/4	2	1	V]					Eb	I	V	V	V							M	0	0	-2, 2, -1		-2	-2	2	6	0.25	0.125	0.375	0.25
150	150	1/4	1/4	4/4	2	1	V2					Eb	I		V2	V		2					Mm7	0	0	-4, -2, 2, -1		-2	-4	0	4	0.0	0.0	0.25	0.0
150	150	3/8	3/8	4/4	2	1	I6					Eb	I		I6	I		6					M	0	0	1, -2, -3		-3	1	0	4	0.0	0.0	0.25	0.0
150	150	1/2	1/2	4/4	2	1	V64					Eb	I		V64	V		64					M	0	0	-1, -2, 2		-2	-1	0	4	0.0	0.0	0.25	0.0
150	150	5/8	5/8	4/4	2	1	I					Eb	I		I	I							M	0	0	-3, 1, -2		-3	-3	0	4	0.0	0.0	0.25	0.0
150	150	3/4	3/4	4/4	2	1	V65					Eb	I		V65	V		65					Mm7	0	0	2, -1, -4, -2		-2	2	0	4	0.0	0.0	0.25	0.0
150	150	7/8	7/8	4/4	2	1	V64(+4)/V	0	-7.4	/		Eb	I		V64(+4)/V	V		64	+4	V			M	0	0	0, -1, 3	-2	-1	0	0	4	0.0	0.0	0.25	0.0
151	151	0	0	4/4	2	1	V[V					Eb	I	V	V	V							M	0	0	-2, 2, -1		-2	-2	1	8	0.1111111111111111	0.0625	1.4375	0.041666666666666664
151	151	3/8	3/8	4/4	2	1	vi7					Eb	I	V	vi7	vi		7					mm7	0	0	0, -3, 1, -2		0	0	0	3	0.0	0.0	0.25	0.0
151	151	1/2	1/2	4/4	2	1	V					Eb	I	V	V	V							M	0	0	-2, 2, -1		-2	-2	0	3	0.0	0.0	0.25	0.0
151	151	5/8	5/8	4/4	2	1	I					Eb	I	V	I	I							M	0	0	-3, 1, -2		-3	-3	0	3	0.0	0.0	0.25	0.0
151	151	3/4	3/4	4/4	2	1	V7					Eb	I	V	V7	V		7					Mm7	0	0	-2, 2, -1, -4		-2	-2	0	3	0.0	0.0	0.25	0.0
151	151	7/8	7/8	4/4	2	1	V]					Eb	I	V	V	V							M	0	0	-2, 2, -1		-2	-2	0	3	0.0	0.0	0.25	0.0
152	152	0	0	4/4	2	1	I[I					Eb	I	I	I	I							M	0	0	-3, 1, -2		-3	-3	2	10	0.16666666666666666	0.125	0.75	0.14285714285714285
152	152	3/8	3/8	4/4	2	1	ii				viio6	Eb	I	I	ii	ii							m	0	0	-1, -4, 0		-1	-1	2	2	0.5	0.125	0.25	0.3333333333333333
152	152	1/2	1/2	4/4	2	1	I					Eb	I	I	I	I							M	0	0	-3, 1, -2		-3	-3	0	4	0.0	0.0	0.375	0.0
152	152	5/8	5/8	4/4	2	1	IV					Eb	I	I	IV	IV							M	0	0	-4, 0, -3		-4	-4	0	4	0.0	0.0	0.375	0.0
152	152	3/4	3/4	4/4	2	1	V7/IV					Eb	I	I	V7/IV	V		7		IV			Mm7	0	0	-3, 1, -2, -5		-3	-3	0	4	0.0	0.0	0.375	0.0
152	152	7/8	7/8	4/4	2	1	V+/IV					Eb	I	I	V+/IV	V	+			IV			+	0	0	-3, 1, 5		-3	-3	0	4	0.0	0.0	0.375	0.0
153	153	0	0	4/4	2	1	IV					Eb	I	I	IV	IV							M	0	0	-4, 0, -3		-4	-4	1	9	0.1	0.0625	1.0625	0.05555555555555555
153	153	3/8	3/8	4/4	2	1	V+/IV					Eb	I	I	V+/IV	V	+			IV			+	0	0	-3, 1, 5		-3	-3	0	4	0.0	0.0	0.375	0.0
153	153	1/2	1/2	4/4	2	1	IV					Eb	I	I	IV	IV							M	0	0	-4, 0, -3		-4	-4	0	4	0.0	0.0	0.375	0.0
153	153	5/8	5/8	4/4	2	1	ii					Eb	I	I	ii	ii							m	0	0	-1, -4, 0		-1	-1	2	2	0.5	0.125	0.25	0.3333333333333333
153	153	3/4	3/4	4/4	2	1	I					Eb	I	I	I	I							M	0	0	-3, 1, -2		-3	-3	0	4	0.0	0.0	0.375	0.0
153	153	7/8	7/8	4/4	2	1	IV					Eb	I	I	IV	IV							M	0	0	-4, 0, -3		-4	-4	0	4	0.0	0.0	0.375	0.0
154	154	0	0	4/4	2	1	I]					Eb	I	I	I	I							M	0	0	-3, 1, -2		-3	-3	1	9	0.1	0.0625	0.875	0.06666666666666667
154	154	3/8	3/8	4/4	2	1	ii7				viio6(2)	Eb	I		ii7	ii		7					mm7	0	0	-1, -4, 0, -3		-1	-1	0	4	0.0	0.0	0.375	0.0
154	154	1/2	1/2	4/4	2	1	I6					Eb	I		I6	I		6					M	0	0	1, -2, -3		-3	1	0	4	0.0	0.0	0.375	0.0
154	154	5/8	5/8	4/4	2	1	IV					Eb	I		IV	IV							M	0	0	-4, 0, -3		-4	-4	0	4	0.0	0.0	0.375	0.0
154	154	3/4	3/4	4/4	2	1	V43/IV					Eb	I		V43/IV	V		43		IV			Mm7	0	0	-2, -5, -3, 1		-3	-2	0	4	0.0	0.0	0.375	0.0
154	154	7/8	7/8	4/4	2	1	V+6/IV					Eb	I		V+6/IV	V	+	6		IV			+	0	0	1, 5, -3		-3	1	0	4	0.0	0.0	0.375	0.0
155	155	0	0	4/4	2	1	IV					Eb	I		IV	IV							M	0	0	-4, 0, -3		-4	-4	1	9	0.1	0.0625	1.0625	0.05555555555555555
155	155	3/8	3/8	4/4	2	1	V+6/IV					Eb	I		V+6/IV	V	+	6		IV			+	0	0	1, 5, -3		-3	1	0	4	0.0	0.0	0.375	0.0
155	155	1/2	1/2	4/4	2	1	IV					Eb	I		IV	IV							M	0	0	-4, 0, -3		-4	-4	0	4	0.0	0.0	0.375	0.0
155	155	5/8	5/8	4/4	2	1	ii7					Eb	I		ii7	ii		7					mm7	0	0	-1, -4, 0, -3		-1	-1	0	4	0.0	0.0	0.375	0.0
155	155	3/4	3/4	4/4	2	1	I6					Eb	I		I6	I		6					M	0	0	1, -2, -3		-3	1	0	4	0.0	0.0	0.375	0.0
155	155	7/8	7/8	4/4	2	1	IV					Eb	I		IV	IV							M	0	0	-4, 0, -3		-4	-4	0	4	0.0	0.0	0.375	0.0
156	156	0	0	4/4	2	1	I6					Eb	I		I6	I		6					M	0	0	1, -2, -3		-3	1	7	9	0.4375	0.375	1.0	0.2727272727272727
156	156	7/8	7/8	4/4	2	1	viio64/V	0	-8	/		Eb	I		viio64/V	vii	o	64		V			o	0	0	-3, 3, 0		3	-3	0	2	0.0	0.0	0.25	0.0
157	157	0	0	4/4	2	1	V					Eb	I		V	V							M	0	0	-2, 2, -1		-2	-2	0	7	0.0	0.0	1.0	0.0
157	157	1/4	1/4	4/4	2	1	V7/V					Eb	I		V7/V	V		7		V			Mm7	0	0	-1, 3, 0, -3		-1	-1	0	6	0.0	0.0	0.75	0.0
157	157	1/2	1/2	4/4	2	1	V					Eb	I		V	V							M	0	0	-2, 2, -1		-2	-2	0	7	0.0	0.0	1.0	0.0
157	157	3/4	3/4	4/4	2	1	V7/V					Eb	I		V7/V	V		7		V			Mm7	0	0	-1, 3, 0, -3		-1	-1	0	6	0.0	0.0	0.75	0.0
158	158	0	0	4/4	2	1	V\\					Eb	I		V	V						\\	M	0	0	-2, 2, -1		-2	-2	0	4	0.0	0.0	1.125	0.0
158	158	3/8	3/8	4/4	2	1	ii					Eb	I		ii	ii							m	0	0	-1, -4, 0		-1	-1	2	3	0.4	0.25	0.375	0.4
159	159	0	0	4/4	2	1	I					Eb	I		I	I							M	0	0	-3, 1, -2		-3	-3	10	28	0.2631578947368421	0.6875	3.9375	0.14864864864864866
161	161	1/8	1/8	4/4	2	1	IV					Eb	I		IV	IV							M	0	0	-4, 0, -3		-4	-4	5	14	0.2631578947368421	0.375	1.875	0.16666666666666666
162	162	1/8	1/8	4/4	2	1	ii					Eb	I		ii	ii							m	0	0	-1, -4, 0		-1	-1	5	14	0.2631578947368421	0.375	1.875	0.16666666666666666
163	163	1/8	1/8	4/4	2	1	viio					Eb	I		viio	vii	o						o	0	0	2, -1, -4		2	2	5	14	0.2631578947368421	0.375	1.875	0.16666666666666666
164	164	1/8	1/8	4/4	2	1	V6					Eb	I		V6	V		6					M	0	0	2, -1, -2		-2	2	2	6	0.25	0.25	0.875	0.2222222222222222
164	164	1/2	1/2	4/4	2	1	V					Eb	I		V	V							M	0	0	-2, 2, -1		-2	-2	3	7	0.3	0.1875	0.8125	0.1875
165	165	0	0	4/4	2	1	I					Eb	I		I	I							M	0	0	-3, 1, -2		-3	-3	0	6	0.0	0.0	0.5	0.0
165	165	1/4	1/4	4/4	2	1	I6					Eb	I		I6	I		6					M	0	0	1, -2, -3		-3	1	0	6	0.0	0.0	0.5	0.0
165	165	1/2	1/2	4/4	2	1	IV					Eb	I		IV	IV							M	0	0	-4, 0, -3		-4	-4	0	6	0.0	0.0	0.5	0.0
165	165	3/4	3/4	4/4	2	1	IV6					Eb	I		IV6	IV		6					M	0	0	0, -3, -4		-4	0	0	6	0.0	0.0	0.5	0.0
166	166	0	0	4/4	2	1	V					Eb	I		V	V							M	0	0	-2, 2, -1		-2	-2	0	6	0.0	0.0	0.5	0.0
166	166	1/4	1/4	4/4	2	1	V6					Eb	I		V6	V		6					M	0	0	2, -1, -2		-2	2	0	6	0.0	0.0	0.5	0.0
166	166	1/2	1/2	4/4	2	1	I					Eb	I		I	I							M	0	0	-3, 1, -2		-3	-3	0	6	0.0	0.0	0.5	0.0
166	166	3/4	3/4	4/4	2	1	I6					Eb	I		I6	I		6					M	0	0	1, -2, -3		-3	1	0	6	0.0	0.0	0.5	0.0
167	167	0	0	4/4	2	1	ii					Eb	I		ii	ii							m	0	0	-1, -4, 0		-1	-1	0	6	0.0	0.0	0.5	0.0
167	167	1/4	1/4	4/4	2	1	V+6					Eb	I		V+6	V	+	6					+	0	0	2, 6, -2		-2	2	0	6	0.0	0.0	0.5	0.0
167	167	1/2	1/2	4/4	2	1	I					Eb	I		I	I							M	0	0	-3, 1, -2		-3	-3	0	6	0.0	0.0	0.5	0.0
167	167	3/4	3/4	4/4	2	1	V					Eb	I		V	V							M	0	0	-2, 2, -1		-2	-2	0	6	0.0	0.0	0.5	0.0
168	168	0	0	4/4	2	1	vi					Eb	I		vi	vi							m	0	0	0, -3, 1		0	0	0	6	0.0	0.0	0.5	0.0
168	168	1/4	1/4	4/4	2	1	V+6/IV					Eb	I		V+6/IV	V	+	6		IV			+	0	0	1, 5, -3		-3	1	0	6	0.0	0.0	0.5	0.0
168	168	1/2	1/2	4/4	2	1	IV					Eb	I		IV	IV							M	0	0	-4, 0, -3		-4	-4	0	6	0.0	0.0	0.5	0.0
168	168	3/4	3/4	4/4	2	1	viio7/V					Eb	I		viio7/V	vii	o	7		V			o7	0	0	3, 0, -3, -6		3	3	1	6	0.14285714285714285	0.25	0.75	0.25
169	169	0	0	4/4	2	1	V[I					Eb	I	V	I	I							M	0	0	-3, 1, -2		-3	-3	4	41	0.08888888888888889	0.5	6.75	0.06896551724137931
171	171	0	0	4/4	2	1	V7					Eb	I	V	V7	V		7					Mm7	0	0	-2, 2, -1, -4		-2	-2	4	30	0.11764705882352941	0.25	3.75	0.0625
172	172	0	0	4/4	2	1	I					Eb	I	V	I	I							M	0	0	-3, 1, -2		-3	-3	0	34	0.0	0.0	4.0	0.0
173	173	0	0	4/4	2	1	V7]					Eb	I	V	V7	V		7					Mm7	0	0	-2, 2, -1, -4		-2	-2	4	30	0.11764705882352941	0.25	3.75	0.0625
174	174	0	0	4/4	2	1	vi					Eb	I		vi	vi							m	0	0	0, -3, 1		0	0	2	15	0.11764705882352941	0.125	1.875	0.0625
174	174	1/2	1/2	4/4	2	1	V7/vi					Eb	I		V7/vi	V		7		vi			Mm7	0	0	1, 5, 2, -1		1	1	2	15	0.11764705882352941	0.125	1.875	0.0625
175	175	0	0	4/4	2	1	IV					Eb	I		IV	IV							M	0	0	-4, 0, -3		-4	-4	2	15	0.11764705882352941	0.125	1.875	0.0625
175	175	1/2	1/2	4/4	2	1	V7/IV					Eb	I		V7/IV	V		7		IV			Mm7	0	0	-3, 1, -2, -5		-3	-3	2	15	0.11764705882352941	0.125	1.875	0.0625
176	176	0	0	4/4	2	1	ii					Eb	I		ii	ii							m	0	0	-1, -4, 0		-1	-1	0	9	0.0	0.0	1.0	0.0
176	176	1/4	1/4	4/4	2	1	V7					Eb	I		V7	V		7					Mm7	0	0	-2, 2, -1, -4		-2	-2	0	9	0.0	0.0	1.0	0.0
176	176	1/2	1/2	4/4	2	1	vi					Eb	I		vi	vi							m	0	0	0, -3, 1		0	0	0	9	0.0	0.0	1.0	0.0
176	176	3/4	3/4	4/4	2	1	viio7/V					Eb	I		viio7/V	vii	o	7		V			o7	0	0	3, 0, -3, -6		3	3	2	7	0.2222222222222222	0.25	0.75	0.25
177	177	0	0	4/4	2	1	V(64)					Eb	I		V(64)	V			64				M	0	0	-2, -3, 1		-2	-2	20	36	0.35714285714285715	1.25	10.75	0.10416666666666667
180	180	0	0	4/4	2	1	V(4)					Eb	I		V(4)	V			4				M	0	0	-2, -3, -1		-2	-2	0	11	0.0	0.0	2.0	0.0
180	180	1/2	1/2	4/4	2	1	V					Eb	I		V	V							M	0	0	-2, 2, -1		-2	-2	0	8	0.0	0.0	1.0	0.0
181	181	0	0	4/4	2	1	I[I					Eb	I	I	I	I							M	0	0	-3, 1, -2		-3	-3	0	28	0.0	0.0	4.0	0.0
182	182	0	0	4/4	2	1	V2					Eb	I	I	V2	V		2					Mm7	0	0	-4, -2, 2, -1		-2	-4	5	21	0.19230769230769232	1.1875	1.8125	0.3958333333333333
183	183	0	0	4/4	2	1	I					Eb	I	I	I	I							M	0	0	-3, 1, -2		-3	-3	0	28	0.0	0.0	4.0	0.0
184	184	0	0	4/4	2	1	V2					Eb	I	I	V2	V		2					Mm7	0	0	-4, -2, 2, -1		-2	-4	5	21	0.19230769230769232	1.1875	1.8125	0.3958333333333333
185	185	0	0	4/4	2	1	I					Eb	I	I	I	I							M	0	0	-3, 1, -2		-3	-3	0	13	0.0	0.0	1.5	0.0
185	185	1/2	1/2	4/4	2	1	V2					Eb	I	I	V2	V		2					Mm7	0	0	-4, -2, 2, -1		-2	-4	1	12	0.07692307692307693	0.5	1.0	0.3333333333333333
186	186	0	0	4/4	2	1	I					Eb	I	I	I	I							M	0	0	-3, 1, -2		-3	-3	0	13	0.0	0.0	1.5	0.0
186	186	1/2	1/2	4/4	2	1	V2					Eb	I	I	V2	V		2					Mm7	0	0	-4, -2, 2, -1		-2	-4	1	12	0.07692307692307693	0.5	1.0	0.3333333333333333
187	187	0	0	4/4	2	1	I\\					Eb	I	I	I	I						\\	M	0	0	-3, 1, -2		-3	-3	0	4	0.0	0.0	1.0	0.0
187	187	1/4	1/4	4/4	2	1	I]					Eb	I	I	I	I							M	0	0	-3, 1, -2		-3	-3	2	8	0.2	0.125	0.875	0.125
187	187	1/2	1/2	4/4	2	1	V					Eb	I		V	V							M	0	0	-2, 2, -1		-2	-2	0	8	0.0	0.0	1.0	0.0
187	187	3/4	3/4	4/4	2	1	ii					Eb	I		ii	ii							m	0	0	-1, -4, 0		-1	-1	2	8	0.2	0.125	0.875	0.125
188	188	0	0	4/4	2	1	vi					Eb	I		vi	vi							m	0	0	0, -3, 1		0	0	0	8	0.0	0.0	1.0	0.0
188	188	1/4	1/4	4/4	2	1	IV					Eb	I		IV	IV							M	0	0	-4, 0, -3		-4	-4	2	8	0.2	0.125	0.875	0.125
188	188	1/2	1/2	4/4	2	1	I					Eb	I		I	I							M	0	0	-3, 1, -2		-3	-3	0	5	0.0	0.0	0.5625	0.0
188	188	3/4	3/4	4/4	2	1	V7					Eb	I		V7	V		7					Mm7	0	0	-2, 2, -1, -4		-2	-2	2	5	0.2857142857142857	0.0625	0.9375	0.0625
189	189	0	0	4/4	2	1	I[I\\					Eb	I	I	I	I						\\	M	0	0	-3, 1, -2		-3	-3	0	6	0.0	0.0	1.125	0.0
189	189	1/4	1/4	4/4	2	1	IV					Eb	I	I	IV	IV							M	0	0	-4, 0, -3		-4	-4	2	6	0.25	0.125	0.625	0.16666666666666666
189	189	1/2	1/2	4/4	2	1	I					Eb	I	I	I	I							M	0	0	-3, 1, -2		-3	-3	0	7	0.0	0.0	1.25	0.0
189	189	3/4	3/4	4/4	2	1	V43					Eb	I	I	V43	V		43					Mm7	0	0	-1, -4, -2, 2		-2	-1	2	6	0.25	0.125	0.625	0.16666666666666666
190	190	0	0	4/4	2	1	I					Eb	I	I	I	I							M	0	0	-3, 1, -2		-3	-3	0	7	0.0	0.0	1.25	0.0
190	190	1/4	1/4	4/4	2	1	IV					Eb	I	I	IV	IV							M	0	0	-4, 0, -3		-4	-4	2	6	0.25	0.125	0.625	0.16666666666666666
190	190	1/2	1/2	4/4	2	1	I					Eb	I	I	I	I							M	0	0	-3, 1, -2		-3	-3	0	7	0.0	0.0	1.25	0.0
190	190	3/4	3/4	4/4	2	1	V43					Eb	I	I	V43	V		43					Mm7	0	0	-1, -4, -2, 2		-2	-1	2	6	0.25	0.125	0.625	0.16666666666666666
191	191	0	0	4/4	2	1	I					Eb	I	I	I	I							M	0	0	-3, 1, -2		-3	-3	0	6	0.0	0.0	1.125	0.0
191	191	1/4	1/4	4/4	2	1	V43					Eb	I	I	V43	V		43					Mm7	0	0	-1, -4, -2, 2		-2	-1	2	6	0.25	0.125	0.625	0.16666666666666666
191	191	1/2	1/2	4/4	2	1	I					Eb	I	I	I	I							M	0	0	-3, 1, -2		-3	-3	0	3	0.0	0.0	0.875	0.0
191	191	3/4	3/4	4/4	2	1	V43					Eb	I	I	V43	V		43					Mm7	0	0	-1, -4, -2, 2		-2	-1	2	4	0.3333333333333333	0.125	0.625	0.16666666666666666
192	192	0	0	4/4	2	1	I]					Eb	I	I	I	I							M	0	0	-3, 1, -2		-3	-3	0	3	0.0	0.0	0.375	0.0
192	192	1/4	1/4	4/4	2	1	V					Eb	I		V	V							M	0	0	-2, 2, -1		-2	-2	4	4	0.5	0.25	0.25	0.5
192	192	1/2	1/2	4/4	2	1	I					Eb	I		I	I							M	0	0	-3, 1, -2		-3	-3	0	4	0.0	0.0	0.5	0.0
192	192	3/4	3/4	4/4	2	1	V					Eb	I		V	V							M	0	0	-2, 2, -1		-2	-2	4	4	0.5	0.25	0.25	0.5
193	193	0	0	4/4	2	1	I\\					Eb	I		I	I						\\	M	0	0	-3, 1, -2		-3	-3	0	15	0.0	0.0	3.5	0.0
